Date,Close,Open,High,Low,Volume,Change
2015-06-26,14.08,12.15,14.87,12.11,3530000.0,-0.12050000000000001
2015-06-29,13.7,13.26,14.24,13.26,332580.0,-0.027000000000000003
2015-06-30,14.1,14.86,14.86,13.82,98630.0,0.0292
2015-07-01,14.0,14.8,14.8,13.75,215830.0,-0.0070999999999999995
2015-07-02,13.75,14.4,14.4,13.75,107910.0,-0.0179
2015-07-06,13.95,14.09,14.09,13.5,19730.0,0.014499999999999999
2015-07-07,14.57,13.73,15.36,13.6,225050.0,0.0444
2015-07-08,14.35,14.5,14.5,14.15,160680.0,-0.0151
2015-07-09,14.11,14.43,14.43,13.91,58080.0,-0.0167
2015-07-10,14.79,14.36,14.79,14.2,23210.0,0.0482
2015-07-13,16.56,14.99,16.96,14.53,173990.0,0.1197
2015-07-14,15.78,16.56,16.57,15.48,69320.0,-0.0471
2015-07-15,17.35,15.58,17.4,15.58,63030.0,0.09949999999999999
2015-07-16,17.2,17.45,17.45,16.97,36630.0,-0.0086
2015-07-17,16.66,17.25,17.38,16.5,84670.0,-0.031400000000000004
2015-07-20,17.02,16.74,17.2,16.52,47630.0,0.0216
2015-07-21,14.81,16.85,16.85,14.8,191410.0,-0.1298
2015-07-22,14.21,14.95,15.21,14.0,123540.0,-0.0405
2015-07-23,14.31,14.46,14.78,14.0,60070.0,0.006999999999999999
2015-07-24,14.71,14.37,14.96,14.37,30760.0,0.027999999999999997
2015-07-27,14.15,15.32,15.69,14.0,47800.0,-0.0381
2015-07-28,14.7,14.28,14.74,14.21,54910.0,0.038900000000000004
2015-07-29,14.62,14.35,14.86,14.29,43240.0,-0.0054
2015-07-30,14.8,14.74,15.0,14.2,50520.0,0.0123
2015-07-31,14.84,15.35,15.35,14.4,62590.0,0.0027
2015-08-03,15.36,15.0,16.47,14.54,172020.0,0.035
2015-08-04,15.05,15.66,15.66,14.8,81430.0,-0.0202
2015-08-05,15.35,15.54,15.54,14.61,108370.0,0.0199
2015-08-06,15.36,15.84,16.06,15.32,121640.0,0.0007000000000000001
2015-08-07,15.64,16.0,16.8,15.32,128259.99999999999,0.0182
2015-08-10,16.32,16.0,16.64,14.61,159640.0,0.0435
2015-08-11,16.66,16.1,16.75,15.32,36190.0,0.0208
2015-08-12,15.87,16.59,16.59,15.5,43130.0,-0.047400000000000005
2015-08-13,16.4,15.97,16.7,15.97,23070.0,0.0334
2015-08-14,16.75,16.34,16.79,15.96,83630.0,0.0213
2015-08-17,17.43,16.55,17.93,16.41,73550.0,0.0406
2015-08-18,17.89,17.45,17.98,17.17,62390.0,0.0264
2015-08-19,17.69,17.84,18.25,17.4,98390.0,-0.011200000000000002
2015-08-20,17.18,17.59,17.59,16.2,44670.0,-0.0288
2015-08-21,16.92,16.78,17.14,16.12,94840.0,-0.0151
2015-08-24,15.58,16.0,16.22,15.0,85610.0,-0.07919999999999999
2015-08-25,15.78,16.06,16.7,15.54,31750.0,0.0128
2015-08-26,17.01,16.5,17.79,15.74,34660.0,0.0779
2015-08-27,17.0,17.57,17.57,16.63,69720.0,-0.0006
2015-08-28,16.3,16.81,18.0,16.14,32259.999999999996,-0.0412
2015-08-31,16.01,16.11,16.19,15.45,76140.0,-0.0178
2015-09-01,15.22,15.51,15.81,15.11,57220.0,-0.0493
2015-09-02,15.7,15.71,15.84,15.01,48550.0,0.0315
2015-09-03,16.85,15.97,17.43,15.35,70860.0,0.0732
2015-09-04,17.2,16.54,17.31,15.45,33200.0,0.0208
2015-09-08,16.84,17.2,18.37,16.45,81510.0,-0.0209
2015-09-09,17.65,16.91,18.03,16.82,42900.0,0.0481
2015-09-10,17.77,17.33,18.23,17.22,45030.0,0.0068000000000000005
2015-09-11,18.23,17.61,18.23,17.53,28010.0,0.0259
2015-09-14,17.09,18.02,18.48,17.02,72440.0,-0.0625
2015-09-15,17.41,17.08,17.7,16.61,53580.0,0.0187
2015-09-16,17.0,17.33,17.65,16.83,47640.0,-0.0235
2015-09-17,17.61,16.88,17.87,16.88,61880.0,0.0359
2015-09-18,16.98,17.44,18.2,16.83,392760.0,-0.0358
2015-09-21,17.75,17.14,17.76,16.65,79210.0,0.0453
2015-09-22,17.47,17.6,17.92,16.62,96530.0,-0.0158
2015-09-23,17.41,17.44,17.93,17.1,79380.0,-0.0034000000000000002
2015-09-24,17.79,17.33,17.88,17.0,73090.0,0.0218
2015-09-25,17.51,17.9,17.9,17.12,70140.0,-0.015700000000000002
2015-09-28,17.62,17.69,17.69,17.07,134670.0,0.0063
2015-09-29,17.1,17.49,17.62,16.91,72390.0,-0.029500000000000002
2015-09-30,16.85,17.27,17.39,16.53,869550.0,-0.0146
2015-10-01,16.97,16.85,17.1,16.24,106360.0,0.0070999999999999995
2015-10-02,16.77,16.83,17.23,16.55,107060.0,-0.0118
2015-10-05,17.3,16.91,17.38,16.68,98820.0,0.0316
2015-10-06,17.54,17.33,17.56,16.93,63540.0,0.0139
2015-10-07,18.3,17.45,18.39,17.1,129430.0,0.0433
2015-10-08,18.5,18.2,18.81,17.24,88000.0,0.0109
2015-10-09,19.64,18.61,19.72,18.36,78370.0,0.0616
2015-10-12,19.52,19.66,19.75,19.23,91080.0,-0.0060999999999999995
2015-10-13,19.54,19.35,19.93,19.14,46560.0,0.001
2015-10-14,18.99,19.49,19.73,18.93,82770.0,-0.0281
2015-10-15,19.0,18.99,19.3,18.47,129360.00000000001,0.0005
2015-10-16,18.95,19.1,19.26,18.81,35670.0,-0.0026
2015-10-19,18.9,18.91,19.12,18.71,43670.0,-0.0026
2015-10-20,18.88,18.89,18.92,18.45,71270.0,-0.0011
2015-10-21,17.68,18.75,18.75,17.63,80420.0,-0.0636
2015-10-22,17.9,17.89,18.4,17.57,61410.0,0.0124
2015-10-23,18.04,18.11,18.23,17.83,49330.0,0.0078000000000000005
2015-10-26,18.2,18.0,18.7,17.96,95540.0,0.0089
2015-10-27,17.1,18.0,18.05,17.0,64900.00000000001,-0.0604
2015-10-28,17.76,17.37,17.9,17.12,79070.0,0.038599999999999995
2015-10-29,17.63,17.73,18.08,17.49,76110.0,-0.0073
2015-10-30,17.51,17.62,18.07,17.24,84560.0,-0.0068000000000000005
2015-11-02,18.22,17.6,18.46,17.36,213980.0,0.0405
2015-11-03,17.76,18.12,18.35,17.55,72780.0,-0.0252
2015-11-04,17.58,17.75,17.91,17.29,30080.0,-0.0101
2015-11-05,16.85,17.65,17.85,16.26,70800.0,-0.0415
2015-11-06,17.17,16.83,17.25,16.72,24360.0,0.019
2015-11-09,17.72,17.01,17.85,17.01,59640.0,0.032
2015-11-10,16.46,17.9,17.9,16.01,131140.0,-0.0711
2015-11-11,15.63,16.61,16.78,15.56,60200.0,-0.0504
2015-11-12,15.44,16.03,16.03,15.35,42330.0,-0.012199999999999999
2015-11-13,15.39,15.38,15.9,15.33,43170.0,-0.0032
2015-11-16,15.65,15.32,15.91,15.32,42710.0,0.0169
2015-11-17,15.91,15.86,15.94,15.51,30250.0,0.0166
2015-11-18,15.99,16.02,16.05,15.53,30260.0,0.005
2015-11-19,15.83,15.87,15.99,15.63,25520.0,-0.01
2015-11-20,15.79,15.76,16.04,15.61,35260.0,-0.0025
2015-11-23,15.91,15.74,16.05,15.7,36840.0,0.0076
2015-11-24,15.99,15.8,16.05,15.66,21260.0,0.005
2015-11-25,16.64,16.0,17.0,16.0,38290.0,0.0407
2015-11-27,16.75,16.75,17.79,16.74,18180.0,0.0066
2015-11-30,16.39,16.9,17.13,16.08,27920.0,-0.0215
2015-12-01,16.66,16.37,16.88,16.19,24380.0,0.0165
2015-12-02,15.96,16.22,16.62,15.91,43870.0,-0.042
2015-12-03,15.57,16.13,16.25,15.55,30840.0,-0.024399999999999998
2015-12-04,15.67,15.53,15.99,15.53,26290.0,0.0064
2015-12-07,15.64,15.67,15.82,15.52,41640.0,-0.0019
2015-12-08,15.46,15.52,15.85,15.38,47560.0,-0.0115
2015-12-09,15.51,15.36,15.7,15.31,24350.0,0.0032
2015-12-10,15.49,15.45,15.7,15.39,29840.0,-0.0013
2015-12-11,15.35,15.11,15.73,15.11,72010.0,-0.009000000000000001
2015-12-14,15.37,15.44,15.8,15.33,34760.0,0.0013
2015-12-15,15.43,15.55,15.59,15.29,26160.0,0.0039000000000000003
2015-12-16,15.41,15.47,15.7,15.32,71420.0,-0.0013
2015-12-17,15.29,15.47,15.51,15.21,74530.0,-0.0078000000000000005
2015-12-18,15.25,15.29,15.62,15.23,45680.0,-0.0026
2015-12-21,15.41,15.4,15.5,15.11,26110.0,0.0105
2015-12-22,15.45,15.44,15.49,15.12,22600.0,0.0026
2015-12-23,16.43,15.54,16.64,15.16,45790.0,0.0634
2015-12-24,16.77,16.28,16.9,16.28,12120.0,0.0207
2015-12-28,16.69,16.74,16.77,16.34,17720.0,-0.0048
2015-12-29,15.42,16.71,16.71,15.15,88320.0,-0.0761
2015-12-30,14.64,15.48,15.5,14.61,61140.0,-0.0506
2015-12-31,14.6,14.7,15.01,14.51,43070.0,-0.0027
2016-01-04,13.96,14.52,15.19,13.24,118140.0,-0.0438
2016-01-05,13.95,13.9,14.03,13.77,55280.0,-0.0007000000000000001
2016-01-06,13.94,13.85,14.0,13.47,233890.0,-0.0007000000000000001
2016-01-07,13.61,13.75,14.0,13.48,127980.0,-0.023700000000000002
2016-01-08,13.7,13.63,13.97,13.51,99140.0,0.0066
2016-01-11,13.43,13.8,13.8,13.33,64209.99999999999,-0.0197
2016-01-12,13.01,13.46,13.49,12.67,125500.0,-0.0313
2016-01-13,12.83,13.03,13.11,12.46,61930.0,-0.0138
2016-01-14,13.08,13.0,13.69,11.6,162370.0,0.0195
2016-01-15,13.2,12.83,13.2,12.4,63530.0,0.0092
2016-01-19,13.13,13.3,13.3,12.9,56690.0,-0.0053
2016-01-20,13.2,12.98,13.34,12.63,44480.0,0.0053
2016-01-21,13.24,13.32,13.94,13.01,56040.0,0.003
2016-01-22,13.79,13.47,14.0,13.19,38150.0,0.0415
2016-01-25,13.2,13.79,13.93,13.1,26320.0,-0.042800000000000005
2016-01-26,13.22,13.16,13.57,13.01,132400.0,0.0015
2016-01-27,13.14,13.06,13.69,12.81,95230.0,-0.0060999999999999995
2016-01-28,13.21,13.08,13.28,13.0,26670.0,0.0053
2016-01-29,13.4,13.33,13.62,12.91,69070.0,0.0144
2016-02-01,13.13,13.32,13.32,13.06,31210.0,-0.020099999999999996
2016-02-02,13.02,13.0,13.1,12.69,55110.0,-0.0084
2016-02-03,13.06,13.29,13.31,12.6,105710.0,0.0031
2016-02-04,13.39,12.76,13.74,12.75,77870.0,0.0253
2016-02-05,13.09,13.2,13.24,12.78,225630.0,-0.022400000000000003
2016-02-08,13.02,12.92,13.05,12.63,134120.0,-0.0053
2016-02-09,12.95,12.87,13.18,12.72,83310.0,-0.0054
2016-02-10,12.76,12.99,13.54,12.68,30670.0,-0.0147
2016-02-11,12.75,12.72,12.96,12.55,40840.0,-0.0008
2016-02-12,12.95,12.88,13.0,12.61,33240.0,0.015700000000000002
2016-02-16,13.94,13.06,14.01,12.95,94450.0,0.0764
2016-02-17,14.33,13.91,15.0,13.91,40810.0,0.027999999999999997
2016-02-18,14.72,14.35,14.73,14.33,34840.0,0.027200000000000002
2016-02-19,14.22,14.73,14.76,14.18,33920.0,-0.034
2016-02-22,13.86,14.26,14.28,13.84,29070.0,-0.0253
2016-02-23,12.16,14.21,14.21,11.77,236700.0,-0.12269999999999999
2016-02-24,11.98,11.98,12.09,11.82,83490.0,-0.0148
2016-02-25,11.99,11.89,12.44,11.89,77020.0,0.0008
2016-02-26,11.77,12.0,12.06,11.71,89660.0,-0.0183
2016-02-27,11.75,11.76,11.76,11.75,85290.0,-0.0017000000000000001
2016-02-29,11.7,11.77,12.05,11.67,51770.0,-0.0043
2016-03-01,11.81,11.7,12.42,11.58,78280.0,0.009399999999999999
2016-03-02,11.82,11.8,11.97,11.51,113270.0,0.0008
2016-03-03,11.63,11.86,11.97,11.6,47150.0,-0.0161
2016-03-04,11.58,11.73,11.86,11.47,105150.0,-0.0043
2016-03-07,11.72,11.48,12.18,11.07,79860.0,0.0121
2016-03-08,11.61,11.58,11.9,11.25,126120.0,-0.009399999999999999
2016-03-09,11.69,11.8,11.88,11.46,27520.0,0.0069
2016-03-10,11.62,11.84,11.9,11.28,26190.0,-0.006
2016-03-11,11.81,11.67,11.81,11.48,54900.0,0.016399999999999998
2016-03-14,11.92,11.97,11.99,11.7,55290.0,0.009300000000000001
2016-03-15,11.96,12.01,12.01,11.81,31740.0,0.0034000000000000002
2016-03-16,11.96,11.86,12.08,11.86,42230.0,0.0
2016-03-17,11.98,12.02,12.06,11.75,56100.0,0.0017000000000000001
2016-03-18,12.12,12.04,12.77,12.0,94910.0,0.011699999999999999
2016-03-21,11.79,12.26,12.29,11.75,33860.0,-0.027200000000000002
2016-03-22,11.89,11.86,12.0,11.86,16530.0,0.0085
2016-03-23,12.09,11.96,12.09,11.89,32060.000000000004,0.0168
2016-03-24,12.0,11.99,12.16,11.69,27240.0,-0.0074
2016-03-28,12.12,11.9,12.18,11.76,29120.0,0.01
2016-03-29,12.23,12.0,12.33,12.0,41540.0,0.0091
2016-03-30,12.23,12.19,12.33,12.08,27780.0,0.0
2016-03-31,12.24,12.23,12.3,12.06,28890.0,0.0008
2016-04-01,12.19,12.14,12.26,12.09,34060.0,-0.0040999999999999995
2016-04-04,12.19,12.43,12.43,12.14,17460.0,0.0
2016-04-05,12.16,12.13,12.26,12.1,30230.0,-0.0025
2016-04-06,12.18,12.18,12.38,12.07,23460.0,0.0016
2016-04-07,12.22,12.14,12.27,12.07,26200.0,0.0033
2016-04-08,12.3,12.24,12.33,12.16,14960.0,0.006500000000000001
2016-04-11,12.3,12.3,12.41,12.21,21260.0,0.0
2016-04-12,12.37,12.33,12.46,12.25,27000.0,0.005699999999999999
2016-04-13,12.37,12.37,12.38,12.28,47070.0,0.0
2016-04-14,12.35,12.31,12.37,12.29,14210.0,-0.0016
2016-04-15,12.31,12.35,12.41,12.25,11920.0,-0.0032
2016-04-18,12.64,12.33,12.7,12.25,95090.0,0.0268
2016-04-19,12.97,12.73,13.25,12.63,119480.0,0.026099999999999998
2016-04-20,13.02,12.93,13.16,12.75,17980.0,0.0039000000000000003
2016-04-21,12.95,12.99,13.22,12.91,16610.0,-0.0054
2016-04-22,12.87,12.88,13.19,12.81,16530.0,-0.0062
2016-04-25,12.6,12.99,13.09,12.22,40680.0,-0.021
2016-04-26,13.1,12.75,13.15,12.5,28860.0,0.0397
2016-04-27,13.15,13.15,13.24,12.77,35000.0,0.0038
2016-04-28,12.78,13.04,13.1,12.76,18900.0,-0.0281
2016-04-29,12.54,12.75,12.75,12.25,89850.0,-0.018799999999999997
2016-05-02,12.69,12.51,12.96,12.09,76520.0,0.012
2016-05-03,12.36,12.68,12.95,12.25,73530.0,-0.026000000000000002
2016-05-04,12.3,12.25,12.55,12.2,45430.0,-0.0049
2016-05-05,12.22,12.49,12.59,12.18,36680.0,-0.006500000000000001
2016-05-06,12.41,12.26,12.42,12.07,32000.0,0.0155
2016-05-09,12.35,12.5,12.76,12.22,43830.0,-0.0048
2016-05-10,12.5,12.25,12.75,12.25,89890.0,0.0121
2016-05-11,12.48,12.5,12.8,12.31,49230.0,-0.0016
2016-05-12,12.52,12.55,12.68,12.29,47810.0,0.0032
2016-05-13,12.7,12.27,12.81,12.19,114340.0,0.0144
2016-05-16,12.55,12.75,13.0,12.39,54550.0,-0.0118
2016-05-17,12.93,12.51,13.15,12.39,392440.0,0.030299999999999997
2016-05-18,13.34,13.01,13.53,12.82,44040.0,0.0317
2016-05-19,13.08,13.3,13.57,12.97,18790.0,-0.0195
2016-05-20,13.43,13.18,13.44,12.92,31020.0,0.0268
2016-05-23,13.51,13.36,13.71,13.14,142950.0,0.006
2016-05-24,13.6,13.49,13.68,13.35,33410.0,0.0067
2016-05-25,13.67,13.7,13.75,13.4,55920.0,0.0051
2016-05-26,13.54,13.62,13.7,13.44,22730.0,-0.0095
2016-05-27,13.81,13.65,13.99,13.64,39020.0,0.0199
2016-05-31,14.0,13.81,14.0,13.8,29670.0,0.0138
2016-06-01,14.19,13.98,14.23,13.88,28810.0,0.013600000000000001
2016-06-02,14.32,14.08,14.35,13.88,33770.0,0.0092
2016-06-03,14.6,14.42,14.78,14.26,38790.0,0.0196
2016-06-06,15.01,14.52,15.18,14.44,44470.0,0.0281
2016-06-07,14.91,14.92,15.02,14.76,26370.0,-0.0067
2016-06-08,14.95,14.93,15.06,14.68,23680.0,0.0027
2016-06-09,15.08,14.84,15.23,14.53,32210.0,0.0087
2016-06-10,14.8,14.93,15.21,14.6,32910.0,-0.018600000000000002
2016-06-13,15.09,14.68,15.16,14.35,48780.0,0.0196
2016-06-14,14.55,15.07,15.57,14.33,35950.0,-0.0358
2016-06-15,14.31,14.55,14.63,14.16,29780.0,-0.0165
2016-06-16,14.46,14.17,14.59,13.36,29690.0,0.0105
2016-06-17,15.03,14.5,15.09,13.98,106400.0,0.0394
2016-06-20,14.66,15.06,15.06,14.53,28110.0,-0.0246
2016-06-21,14.62,14.6,14.73,14.19,14690.0,-0.0027
2016-06-22,14.47,14.54,14.94,13.92,43160.0,-0.0103
2016-06-23,14.75,14.57,14.83,14.2,24790.0,0.0194
2016-06-24,13.98,14.18,14.48,13.55,246600.0,-0.052199999999999996
2016-06-27,13.46,13.8,13.95,13.34,35450.0,-0.037200000000000004
2016-06-28,13.67,13.53,14.0,13.53,37200.0,0.015600000000000001
2016-06-29,13.92,13.75,13.98,13.5,21970.0,0.0183
2016-06-30,14.46,13.87,14.46,13.67,37630.0,0.0388
2016-07-01,14.56,14.32,14.97,14.12,16610.0,0.0069
2016-07-05,14.33,14.58,14.91,14.18,18520.0,-0.0158
2016-07-06,14.27,14.37,14.46,14.14,9670.0,-0.0042
2016-07-07,14.31,14.35,14.46,14.14,16770.0,0.0028000000000000004
2016-07-08,14.62,14.4,14.7,14.3,19190.0,0.0217
2016-07-11,14.62,14.7,14.7,14.46,15500.0,0.0
2016-07-12,14.98,14.7,15.0,14.6,25230.0,0.0246
2016-07-13,14.92,14.9,15.0,14.7,17850.0,-0.004
2016-07-14,14.81,15.0,15.0,14.68,19950.0,-0.0074
2016-07-15,15.06,14.91,15.12,14.65,21950.0,0.0169
2016-07-18,15.17,15.14,15.4,14.99,10800.0,0.0073
2016-07-19,15.35,15.08,15.48,14.87,22790.0,0.011899999999999999
2016-07-20,15.19,15.4,15.5,14.98,18740.0,-0.0104
2016-07-21,15.27,15.1,15.36,15.01,21800.0,0.0053
2016-07-22,15.24,15.18,15.5,15.12,11780.0,-0.002
2016-07-25,14.97,15.1,15.35,14.9,27160.0,-0.0177
2016-07-26,15.38,15.06,15.49,14.79,18590.0,0.0274
2016-07-27,16.12,15.33,16.19,15.27,58100.0,0.0481
2016-07-28,16.07,16.04,16.2,15.84,17550.0,-0.0031
2016-07-29,16.08,16.11,16.17,15.62,18000.0,0.0006
2016-08-01,16.15,15.96,16.2,15.82,27800.0,0.0044
2016-08-02,16.11,16.2,16.2,16.0,10920.0,-0.0025
2016-08-03,16.69,16.22,16.87,16.2,58480.0,0.036000000000000004
2016-08-04,16.65,16.47,16.94,16.32,27280.0,-0.0024
2016-08-05,16.8,16.74,16.88,16.26,57320.0,0.009000000000000001
2016-08-08,16.93,16.7,17.0,14.86,79890.0,0.0077
2016-08-09,17.99,17.0,17.99,16.26,115580.0,0.0626
2016-08-10,17.98,18.0,18.0,16.02,24410.0,-0.0006
2016-08-11,18.19,17.86,18.28,17.86,71730.0,0.011699999999999999
2016-08-12,18.19,18.0,18.39,18.0,21370.0,0.0
2016-08-15,18.15,17.97,18.28,17.97,29190.0,-0.0022
2016-08-16,18.23,18.0,18.42,17.97,63190.0,0.0044
2016-08-17,18.24,18.34,18.4,18.19,16970.0,0.0005
2016-08-18,18.28,18.15,18.41,18.07,17770.0,0.0022
2016-08-19,18.19,18.2,18.45,18.05,26310.0,-0.0049
2016-08-22,18.29,18.13,18.33,18.13,19560.0,0.0055000000000000005
2016-08-23,18.32,18.31,18.54,18.21,23740.0,0.0016
2016-08-24,18.42,18.21,18.57,18.19,20840.0,0.0055000000000000005
2016-08-25,18.5,18.53,18.79,18.41,16180.0,0.0043
2016-08-26,18.5,18.61,18.84,18.15,12170.0,0.0
2016-08-29,18.68,18.7,18.92,18.6,24240.0,0.0097
2016-08-30,18.62,18.69,18.91,18.49,6110.0,-0.0032
2016-08-31,18.42,18.63,18.98,18.18,9890.0,-0.010700000000000001
2016-09-01,18.35,18.28,18.75,17.51,35510.0,-0.0038
2016-09-02,18.45,18.68,18.68,18.31,13630.0,0.0054
2016-09-06,18.62,18.58,18.7,18.52,26380.0,0.0092
2016-09-07,18.89,18.69,19.0,18.69,16280.000000000002,0.014499999999999999
2016-09-08,18.94,18.93,18.99,18.57,11990.0,0.0026
2016-09-09,18.34,18.94,18.94,18.24,32729.999999999996,-0.0317
2016-09-12,18.98,18.15,19.0,17.91,33220.0,0.0349
2016-09-13,18.63,18.85,19.2,18.31,27590.0,-0.0184
2016-09-14,19.74,18.59,19.78,18.46,32280.0,0.0596
2016-09-15,19.65,19.65,19.86,19.02,23000.0,-0.0046
2016-09-16,19.19,19.82,19.98,19.13,86310.0,-0.023399999999999997
2016-09-19,18.99,19.3,19.3,18.87,20400.0,-0.0104
2016-09-20,19.47,19.15,19.71,19.08,18970.0,0.0253
2016-09-21,19.6,19.51,19.72,19.43,18090.0,0.0067
2016-09-22,19.64,19.57,19.78,19.41,26690.0,0.002
2016-09-23,19.66,19.92,19.92,19.63,12330.0,0.001
2016-09-26,19.17,19.35,19.66,19.09,13960.0,-0.024900000000000002
2016-09-27,19.39,19.25,19.5,19.11,13400.0,0.0115
2016-09-28,19.64,19.51,19.78,19.34,12780.0,0.0129
2016-09-29,19.11,19.58,19.68,19.07,17300.0,-0.027000000000000003
2016-09-30,19.44,19.42,19.59,19.19,17270.0,0.0173
2016-10-03,18.73,19.31,19.31,18.62,18990.0,-0.0365
2016-10-04,19.04,18.73,19.04,18.27,20310.0,0.0166
2016-10-05,18.93,19.07,19.16,18.88,16059.999999999998,-0.0058
2016-10-06,19.04,19.02,19.08,18.73,13920.0,0.0058
2016-10-07,19.0,18.83,19.08,18.8,10840.0,-0.0021
2016-10-10,19.05,19.22,19.22,18.81,26680.0,0.0026
2016-10-11,18.78,19.05,19.05,18.62,9590.0,-0.014199999999999999
2016-10-12,18.86,18.7,18.98,18.7,9160.0,0.0043
2016-10-13,18.68,18.7,18.87,18.39,14130.0,-0.0095
2016-10-14,19.02,18.59,19.21,18.4,30380.0,0.0182
2016-10-17,18.9,19.0,19.31,18.75,20950.0,-0.0063
2016-10-18,19.01,18.96,19.04,18.76,10900.0,0.0058
2016-10-19,19.14,18.98,19.32,18.96,18750.0,0.0068000000000000005
2016-10-20,19.08,19.1,19.36,19.03,15800.0,-0.0031
2016-10-21,19.07,19.05,19.19,19.05,5150.0,-0.0005
2016-10-24,19.2,19.21,19.27,19.1,6670.0,0.0068000000000000005
2016-10-25,19.05,19.32,19.32,19.05,7080.0,-0.0078000000000000005
2016-10-26,19.09,19.01,19.2,18.98,9010.0,0.0021
2016-10-27,19.0,19.02,19.28,18.97,12430.0,-0.004699999999999999
2016-10-28,19.01,18.96,19.06,18.9,12450.0,0.0005
2016-10-31,19.05,19.01,19.25,18.9,7820.0,0.0021
2016-11-01,19.0,18.9,19.05,18.9,19260.0,-0.0026
2016-11-02,18.9,19.0,19.2,18.8,12550.0,-0.0053
2016-11-03,18.85,19.0,19.0,18.85,19120.0,-0.0026
2016-11-04,18.9,19.05,19.1,18.75,27420.0,0.0027
2016-11-07,19.1,19.15,19.15,18.9,15940.0,0.0106
2016-11-08,19.55,19.25,19.75,19.25,25230.0,0.0236
2016-11-09,19.25,19.45,19.45,19.05,24870.0,-0.015300000000000001
2016-11-10,19.7,19.3,19.75,19.2,27830.0,0.023399999999999997
2016-11-11,22.0,19.7,22.0,19.65,63580.0,0.1168
2016-11-14,21.55,22.0,22.32,21.4,35170.0,-0.020499999999999997
2016-11-15,21.48,21.6,22.03,21.35,13960.0,-0.0032
2016-11-16,21.85,21.3,22.55,20.15,17250.0,0.0172
2016-11-17,21.55,21.75,21.95,21.25,14000.0,-0.0137
2016-11-18,21.6,21.7,21.98,21.05,26280.0,0.0023
2016-11-21,21.8,21.75,22.05,21.06,16780.0,0.009300000000000001
2016-11-22,22.0,21.75,22.35,21.7,30490.0,0.0092
2016-11-23,22.0,21.75,22.2,21.75,17180.0,0.0
2016-11-25,21.5,22.0,22.05,21.45,12330.0,-0.0227
2016-11-28,22.05,21.5,22.2,21.5,9900.0,0.0256
2016-11-29,21.9,22.15,22.15,21.9,3620.0,-0.0068000000000000005
2016-11-30,21.9,22.05,22.1,21.85,8170.0,0.0
2016-12-01,21.45,21.8,22.0,21.08,18300.0,-0.020499999999999997
2016-12-02,21.0,21.25,21.4,20.46,9880.0,-0.021
2016-12-05,21.75,21.05,21.75,21.05,19530.0,0.035699999999999996
2016-12-06,21.9,21.7,22.0,21.4,18230.0,0.0069
2016-12-07,21.85,21.85,21.95,21.7,13440.0,-0.0023
2016-12-08,21.95,21.8,22.25,21.8,24620.0,0.0046
2016-12-09,22.2,21.9,22.45,21.9,22740.0,0.011399999999999999
2016-12-12,21.9,22.0,22.0,21.85,17760.0,-0.013500000000000002
2016-12-13,21.95,22.1,22.7,21.9,32080.0,0.0023
2016-12-14,22.1,21.8,22.2,21.8,18110.0,0.0068000000000000005
2016-12-15,22.25,22.2,22.35,21.85,24740.0,0.0068000000000000005
2016-12-16,22.7,22.35,22.75,22.35,74550.0,0.0202
2016-12-19,22.95,22.8,23.2,22.8,25260.0,0.011000000000000001
2016-12-20,23.9,22.9,23.95,22.9,14250.0,0.0414
2016-12-21,24.0,23.8,24.5,23.65,13120.0,0.0042
2016-12-22,23.7,24.05,24.1,23.17,13410.0,-0.0125
2016-12-23,23.55,23.85,23.85,23.4,8560.0,-0.0063
2016-12-27,23.4,23.45,23.6,23.25,9080.0,-0.0064
2016-12-28,23.3,23.4,23.65,23.15,19180.0,-0.0043
2016-12-29,23.85,23.45,23.9,23.45,13680.0,0.0236
2016-12-30,23.85,23.95,23.95,23.6,17520.0,0.0
2017-01-03,23.0,23.95,23.95,22.8,51850.0,-0.0356
2017-01-04,22.5,23.0,23.0,22.43,19600.0,-0.0217
2017-01-05,22.4,22.6,22.75,22.25,12160.0,-0.0044
2017-01-06,22.35,22.6,22.9,22.2,15000.0,-0.0022
2017-01-09,22.3,22.35,22.65,22.2,10580.0,-0.0022
2017-01-10,22.45,22.25,22.5,22.25,7520.0,0.0067
2017-01-11,22.45,22.35,22.65,22.2,16440.0,0.0
2017-01-12,22.4,22.4,22.55,21.63,18920.0,-0.0022
2017-01-13,22.4,22.55,22.8,22.2,16660.0,0.0
2017-01-17,21.9,22.15,22.3,21.85,14920.0,-0.0223
2017-01-18,22.25,22.1,22.45,22.1,10730.0,0.016
2017-01-19,22.1,22.2,22.3,22.0,5140.0,-0.0067
2017-01-20,22.7,22.1,22.75,21.95,35640.0,0.0271
2017-01-23,22.85,22.7,23.0,22.7,10030.0,0.0066
2017-01-24,22.75,23.0,23.0,22.53,17240.0,-0.0044
2017-01-25,22.95,22.75,23.0,22.75,8890.0,0.0088
2017-01-26,22.9,22.95,23.0,22.75,4710.0,-0.0022
2017-01-27,23.15,22.9,23.3,22.75,15110.0,0.0109
2017-01-30,22.9,22.8,23.2,22.75,7890.0,-0.0108
2017-01-31,22.65,23.0,23.89,22.6,13260.0,-0.0109
2017-02-01,22.9,22.75,23.34,22.35,22530.0,0.011000000000000001
2017-02-02,22.75,22.9,22.9,22.65,6980.0,-0.0066
2017-02-03,23.0,23.05,23.8,22.8,29440.0,0.011000000000000001
2017-02-06,23.85,22.8,24.0,22.53,35640.0,0.037000000000000005
2017-02-07,23.9,23.85,24.05,23.85,9710.0,0.0021
2017-02-08,23.8,24.0,24.0,23.7,12040.0,-0.0042
2017-02-09,24.75,23.57,24.8,23.52,17410.0,0.039900000000000005
2017-02-10,24.0,24.8,24.8,23.85,30260.0,-0.030299999999999997
2017-02-13,24.05,24.35,24.4,23.95,10840.0,0.0021
2017-02-14,24.0,24.55,24.55,23.75,11260.0,-0.0021
2017-02-15,23.7,24.15,24.4,23.6,13010.0,-0.0125
2017-02-16,23.7,23.9,23.9,23.4,9220.0,0.0
2017-02-17,23.8,23.8,24.0,23.65,15730.0,0.0042
2017-02-21,23.7,23.95,24.03,23.6,5630.0,-0.0042
2017-02-22,23.85,23.65,24.2,23.6,7790.0,0.0063
2017-02-23,23.65,23.6,23.95,23.55,8800.0,-0.0084
2017-02-24,23.8,23.6,24.35,23.6,10440.0,0.0063
2017-02-27,25.05,24.07,25.05,23.98,26670.0,0.0525
2017-02-28,24.85,26.0,26.0,24.75,25220.0,-0.008
2017-03-01,24.95,24.65,24.95,24.52,15980.0,0.004
2017-03-02,24.5,24.6,24.87,24.3,18760.0,-0.018000000000000002
2017-03-03,23.95,24.1,24.95,23.8,82820.0,-0.022400000000000003
2017-03-06,23.75,23.95,23.95,23.7,10660.0,-0.0084
2017-03-07,23.6,23.5,23.9,22.84,20800.0,-0.0063
2017-03-08,24.4,23.75,24.75,23.75,76940.0,0.0339
2017-03-09,24.1,24.05,24.45,24.05,14570.0,-0.0123
2017-03-10,24.2,24.1,24.35,23.9,11030.0,0.0040999999999999995
2017-03-13,24.4,24.35,25.0,24.35,26650.0,0.0083
2017-03-14,24.5,24.5,24.5,24.0,8610.0,0.0040999999999999995
2017-03-15,25.1,24.6,25.25,23.95,247390.0,0.0245
2017-03-16,25.05,25.3,26.05,24.71,64769.99999999999,-0.002
2017-03-17,25.95,24.8,26.1,24.8,47420.0,0.0359
2017-03-20,25.2,25.75,26.05,25.15,24910.0,-0.028900000000000002
2017-03-21,24.45,25.4,25.9,24.45,23830.0,-0.0298
2017-03-22,24.2,24.3,24.55,23.5,296700.0,-0.0102
2017-03-23,25.5,24.25,25.75,24.25,33650.0,0.0537
2017-03-24,25.7,25.6,25.95,25.4,25730.0,0.0078000000000000005
2017-03-27,26.0,25.85,26.1,25.75,12050.0,0.011699999999999999
2017-03-28,26.05,25.8,26.2,24.85,9860.0,0.0019
2017-03-29,26.15,26.2,26.2,25.9,15530.0,0.0038
2017-03-30,27.5,26.25,27.5,26.0,32320.0,0.0516
2017-03-31,27.2,27.8,27.9,26.75,88420.0,-0.0109
2017-04-03,27.45,27.0,28.0,27.0,27980.0,0.0092
2017-04-04,27.15,27.55,27.55,27.05,37640.0,-0.0109
2017-04-05,25.9,27.0,27.2,25.7,43100.0,-0.046
2017-04-06,25.8,26.05,26.35,25.55,58640.0,-0.0039000000000000003
2017-04-07,26.0,25.95,26.65,25.16,40060.0,0.0078000000000000005
2017-04-10,25.7,26.1,26.68,25.05,38640.0,-0.0115
2017-04-11,26.0,25.7,26.1,25.61,27470.0,0.011699999999999999
2017-04-12,25.65,25.9,25.9,25.59,16960.0,-0.013500000000000002
2017-04-13,25.4,25.67,25.94,25.3,22110.0,-0.0097
2017-04-17,25.3,25.05,25.6,25.05,34450.0,-0.0039000000000000003
2017-04-18,25.45,25.05,25.8,25.05,21850.0,0.0059
2017-04-19,25.7,25.35,25.9,25.2,21810.0,0.0098
2017-04-20,25.9,25.75,26.35,25.6,33340.0,0.0078000000000000005
2017-04-21,26.05,25.75,26.2,25.35,22070.0,0.0058
2017-04-24,26.4,26.2,26.45,26.1,16230.0,0.0134
2017-04-25,26.4,26.4,26.6,26.2,21810.0,0.0
2017-04-26,26.6,26.35,26.75,26.35,35170.0,0.0076
2017-04-27,27.25,27.0,27.3,26.75,33770.0,0.024399999999999998
2017-04-28,26.55,27.3,27.5,26.26,40200.0,-0.025699999999999997
2017-05-01,26.1,26.75,26.75,26.05,25000.0,-0.0169
2017-05-02,26.25,26.1,26.45,25.65,27350.0,0.005699999999999999
2017-05-03,26.1,26.15,26.2,25.7,30360.0,-0.005699999999999999
2017-05-04,26.0,26.25,26.25,25.85,16770.0,-0.0038
2017-05-05,26.0,26.1,26.35,25.55,59320.0,0.0
2017-05-08,26.9,27.0,27.33,26.43,56200.0,0.0346
2017-05-09,28.05,26.9,28.57,26.9,88640.0,0.042800000000000005
2017-05-10,28.0,27.95,28.45,27.5,63610.0,-0.0018
2017-05-11,28.25,27.8,28.25,27.1,47340.0,0.0089
2017-05-12,28.1,28.1,28.3,27.95,25030.0,-0.0053
2017-05-15,28.25,28.2,28.66,28.1,46680.0,0.0053
2017-05-16,28.45,28.2,29.15,28.2,38160.0,0.0070999999999999995
2017-05-17,27.65,28.15,28.45,27.5,62950.0,-0.0281
2017-05-18,27.95,27.75,28.3,27.45,42720.0,0.0108
2017-05-19,27.85,28.25,28.25,27.65,32900.0,-0.0036
2017-05-22,27.85,27.65,27.9,27.2,24950.0,0.0
2017-05-23,27.7,27.85,27.9,27.5,39290.0,-0.0054
2017-05-24,27.7,27.75,27.85,27.65,22770.0,0.0
2017-05-25,27.85,27.9,27.95,27.75,36840.0,0.0054
2017-05-26,28.4,28.1,28.7,27.85,94190.0,0.0197
2017-05-30,28.5,28.6,28.82,28.3,82870.0,0.0034999999999999996
2017-05-31,28.65,28.7,29.25,28.45,240410.0,0.0053
2017-06-01,29.9,28.55,30.15,28.35,145300.0,0.0436
2017-06-02,30.95,29.85,31.05,29.85,133660.0,0.0351
2017-06-05,32.0,31.0,35.2,31.0,121490.0,0.0339
2017-06-06,31.7,32.4,33.0,31.6,89730.0,-0.009399999999999999
2017-06-07,31.45,31.75,32.05,31.3,73250.0,-0.0079
2017-06-08,31.4,31.5,31.93,31.25,73410.0,-0.0016
2017-06-09,31.0,31.55,31.75,30.65,98660.0,-0.0127
2017-06-12,31.7,32.0,32.95,31.35,213660.0,0.0226
2017-06-13,31.4,32.2,32.34,31.2,94550.0,-0.0095
2017-06-14,31.4,31.35,31.7,31.3,122330.0,0.0
2017-06-15,31.45,31.1,31.7,30.8,181870.0,0.0016
2017-06-16,31.8,31.25,32.05,31.25,104690.0,0.0111
2017-06-19,32.35,31.7,32.48,31.7,68300.0,0.0173
2017-06-20,32.6,32.5,32.9,32.25,69080.0,0.0077
2017-06-21,32.4,32.65,32.95,32.05,65770.0,-0.0060999999999999995
2017-06-22,32.55,32.45,32.9,32.07,47860.0,0.0046
2017-06-23,33.45,32.55,33.6,32.25,214220.0,0.0276
2017-06-26,34.0,33.7,34.35,32.55,207950.0,0.016399999999999998
2017-06-27,33.3,33.85,34.15,33.0,125910.0,-0.0206
2017-06-28,34.15,33.45,34.2,32.9,47470.0,0.0255
2017-06-29,32.45,34.1,34.1,32.09,86390.0,-0.049800000000000004
2017-06-30,32.6,32.95,34.1,32.25,192310.0,0.0046
2017-07-03,31.45,32.8,34.3,31.2,49920.0,-0.0353
2017-07-05,31.8,31.3,32.95,31.25,95080.0,0.0111
2017-07-06,31.55,31.45,32.0,31.15,195000.0,-0.0079
2017-07-07,32.15,31.75,32.45,31.75,53880.0,0.019
2017-07-10,32.73,32.6,32.9,32.15,97730.0,0.018000000000000002
2017-07-11,32.5,32.85,33.0,32.3,79710.0,-0.006999999999999999
2017-07-12,32.9,32.65,33.0,32.5,57370.0,0.0123
2017-07-13,33.05,32.95,33.54,32.2,131410.0,0.0046
2017-07-14,33.45,33.05,33.8,33.05,101680.0,0.0121
2017-07-17,34.3,33.55,34.35,33.3,81290.0,0.0254
2017-07-18,34.65,34.0,34.7,33.5,72870.0,0.0102
2017-07-19,34.95,34.85,35.05,34.5,80850.0,0.0087
2017-07-20,35.8,35.2,36.52,34.7,100110.0,0.024300000000000002
2017-07-21,35.3,35.85,36.2,34.8,165930.0,-0.013999999999999999
2017-07-24,35.45,35.4,35.7,35.05,63360.0,0.0042
2017-07-25,35.35,35.2,35.7,34.85,95890.0,-0.0028000000000000004
2017-07-26,35.3,35.15,35.4,35.1,69030.0,-0.0014000000000000002
2017-07-27,35.4,35.4,35.74,34.7,208180.0,0.0028000000000000004
2017-07-28,35.6,35.15,35.7,34.75,53340.0,0.005600000000000001
2017-07-31,34.95,35.6,35.8,34.95,44290.0,-0.0183
2017-08-01,35.0,35.05,35.5,34.75,101020.0,0.0014000000000000002
2017-08-02,34.55,35.0,35.05,33.95,218350.0,-0.0129
2017-08-03,34.45,34.45,34.76,33.95,244620.0,-0.0029
2017-08-04,35.0,34.65,35.85,34.0,140080.0,0.016
2017-08-07,35.25,35.35,36.1,35.0,187840.0,0.0070999999999999995
2017-08-08,37.8,37.0,38.85,36.5,602400.0,0.0723
2017-08-09,36.65,37.5,37.5,36.45,177490.0,-0.0304
2017-08-10,35.8,36.35,36.4,35.6,355550.0,-0.0232
2017-08-11,36.0,35.85,36.15,35.8,185210.0,0.005600000000000001
2017-08-14,37.2,36.25,37.35,35.94,365710.0,0.0333
2017-08-15,38.15,37.3,38.4,37.05,192050.0,0.0255
2017-08-16,39.0,38.1,39.33,38.0,106330.0,0.0223
2017-08-17,40.05,38.75,40.55,38.4,312410.0,0.0269
2017-08-18,41.1,39.45,41.3,39.01,206010.0,0.0262
2017-08-21,40.65,40.7,41.75,40.2,177890.0,-0.0109
2017-08-22,42.2,40.75,42.5,40.75,176220.0,0.0381
2017-08-23,41.7,42.4,42.45,41.25,183730.0,-0.0118
2017-08-24,41.8,41.5,42.0,41.38,142110.0,0.0024
2017-08-25,41.8,41.9,42.0,41.4,176350.0,0.0
2017-08-28,42.0,41.9,42.0,41.67,120110.0,0.0048
2017-08-29,41.4,41.6,41.9,41.15,208370.0,-0.0143
2017-08-30,42.2,41.25,43.2,41.25,204240.0,0.019299999999999998
2017-08-31,42.9,42.45,43.15,42.32,158520.0,0.0166
2017-09-01,43.0,42.85,43.4,42.4,156360.0,0.0023
2017-09-05,43.05,42.9,43.25,42.25,188530.0,0.0012
2017-09-06,43.55,43.0,43.85,42.77,187260.0,0.0116
2017-09-07,44.7,43.15,44.75,43.0,208520.0,0.0264
2017-09-08,43.95,44.5,45.6,43.85,205430.0,-0.0168
2017-09-11,45.35,44.6,45.65,44.45,190310.0,0.0319
2017-09-12,45.1,45.55,46.0,44.8,160680.0,-0.0055000000000000005
2017-09-13,44.5,45.1,45.29,44.15,109460.0,-0.013300000000000001
2017-09-14,44.3,44.45,44.8,44.06,114460.0,-0.0045000000000000005
2017-09-15,44.7,44.3,45.1,43.89,346230.0,0.009000000000000001
2017-09-18,44.9,44.75,45.13,44.3,125630.0,0.0045000000000000005
2017-09-19,45.0,44.9,45.27,44.75,139900.0,0.0022
2017-09-20,45.4,45.05,45.65,44.35,142070.0,0.0089
2017-09-21,46.05,45.45,46.45,45.14,101440.0,0.0143
2017-09-22,46.15,46.05,46.15,45.65,130539.99999999999,0.0022
2017-09-25,46.1,46.15,46.15,45.8,175530.0,-0.0011
2017-09-26,46.5,46.15,47.0,45.95,207760.0,0.0087
2017-09-27,48.0,46.9,48.22,46.8,139210.0,0.0323
2017-09-28,47.05,48.0,48.4,46.3,254130.0,-0.019799999999999998
2017-09-29,47.95,47.5,48.3,47.15,169240.0,0.0191
2017-10-02,48.8,48.15,48.95,47.9,134380.0,0.0177
2017-10-03,49.55,48.8,49.55,48.8,165040.0,0.0154
2017-10-04,49.55,49.65,49.95,49.0,211130.0,0.0
2017-10-05,49.85,49.6,50.05,48.75,217910.0,0.0060999999999999995
2017-10-06,50.3,49.55,50.55,49.16,130889.99999999999,0.009000000000000001
2017-10-09,51.1,50.8,51.95,50.55,164200.0,0.0159
2017-10-10,50.9,51.1,52.25,50.9,172140.0,-0.0039000000000000003
2017-10-11,51.65,50.95,52.17,50.95,119020.0,0.0147
2017-10-12,50.8,51.7,51.7,50.6,150780.0,-0.0165
2017-10-13,50.7,50.75,51.1,50.45,106790.0,-0.002
2017-10-16,50.9,50.5,51.1,50.25,152680.0,0.0039000000000000003
2017-10-17,50.4,50.9,51.0,50.15,113530.0,-0.0098
2017-10-18,50.0,50.45,50.55,49.75,179400.0,-0.0079
2017-10-19,49.55,49.65,50.0,48.9,151880.0,-0.009000000000000001
2017-10-20,49.15,49.85,50.1,49.1,190330.0,-0.008100000000000001
2017-10-23,48.75,49.45,49.45,48.65,149410.0,-0.008100000000000001
2017-10-24,48.25,48.7,49.04,48.0,229520.0,-0.0103
2017-10-25,46.8,48.25,49.1,46.5,229990.0,-0.0301
2017-10-26,45.75,46.3,46.45,40.0,290790.0,-0.022400000000000003
2017-10-27,46.35,45.4,46.5,45.15,166130.0,0.0131
2017-10-30,45.65,46.25,46.45,44.9,132050.0,-0.0151
2017-10-31,45.9,45.7,46.65,45.65,166300.0,0.0055000000000000005
2017-11-01,45.1,45.95,46.25,44.35,133800.0,-0.0174
2017-11-02,45.5,44.8,45.7,44.1,164730.0,0.0089
2017-11-03,45.8,45.65,46.25,44.9,106880.0,0.0066
2017-11-06,46.45,45.95,47.0,45.8,186750.0,0.014199999999999999
2017-11-07,42.1,48.5,48.5,41.2,415450.0,-0.09359999999999999
2017-11-08,41.55,41.95,41.95,40.5,232090.0,-0.0131
2017-11-09,41.5,41.25,42.4,40.9,188180.0,-0.0012
2017-11-10,41.9,41.35,42.45,41.2,157960.0,0.0096
2017-11-13,41.85,41.7,42.05,40.95,133100.0,-0.0012
2017-11-14,43.4,42.15,43.75,42.15,227760.0,0.037000000000000005
2017-11-15,42.5,43.2,43.75,42.35,113120.0,-0.0207
2017-11-16,43.55,42.85,43.8,42.85,107510.0,0.024700000000000003
2017-11-17,43.65,43.5,43.95,43.15,137620.0,0.0023
2017-11-20,44.85,43.7,44.9,43.65,147200.0,0.0275
2017-11-21,44.7,44.45,45.7,44.45,187430.0,-0.0033
2017-11-22,43.75,45.0,45.0,43.25,109890.0,-0.0213
2017-11-24,44.2,43.8,45.05,43.8,96460.0,0.0103
2017-11-27,43.5,44.25,44.6,43.3,247180.0,-0.0158
2017-11-28,43.85,43.55,44.05,43.05,135290.0,0.008
2017-11-29,42.6,43.85,44.0,42.35,116370.0,-0.0285
2017-11-30,43.15,42.95,43.45,42.5,132770.0,0.0129
2017-12-01,41.85,42.8,43.0,40.8,99270.0,-0.0301
2017-12-04,39.85,42.25,42.25,39.6,229110.0,-0.0478
2017-12-05,41.05,39.8,41.2,39.8,122840.0,0.0301
2017-12-06,40.65,40.9,41.65,40.6,103690.0,-0.0097
2017-12-07,41.35,40.65,42.0,40.65,251410.0,0.0172
2017-12-08,41.55,41.6,41.9,41.1,142310.0,0.0048
2017-12-11,41.65,41.45,42.3,41.45,100930.0,0.0024
2017-12-12,41.1,41.7,41.7,40.85,69730.0,-0.0132
2017-12-13,41.8,41.15,42.5,41.15,79550.0,0.017
2017-12-14,41.0,41.85,42.0,40.8,103890.0,-0.0191
2017-12-15,42.2,41.05,42.4,41.05,248510.0,0.029300000000000003
2017-12-18,42.55,42.85,43.35,42.3,106080.0,0.0083
2017-12-19,42.0,42.55,42.75,41.75,81950.0,-0.0129
2017-12-20,41.85,42.2,42.2,41.4,65430.00000000001,-0.0036
2017-12-21,41.7,42.0,42.15,41.5,49220.0,-0.0036
2017-12-22,41.15,41.65,41.65,40.85,68900.0,-0.0132
2017-12-26,41.05,40.7,41.3,40.2,75520.0,-0.0024
2017-12-27,41.45,41.2,41.95,40.9,88940.0,0.0097
2017-12-28,41.15,41.95,41.95,40.58,91880.0,-0.0072
2017-12-29,41.5,41.55,41.94,41.3,165080.0,0.0085
2018-01-02,41.2,41.5,42.0,40.65,148210.0,-0.0072
2018-01-03,42.15,41.2,42.15,41.2,116270.0,0.0231
2018-01-04,42.5,42.45,42.95,42.05,138390.0,0.0083
2018-01-05,42.15,42.55,42.7,41.85,144970.0,-0.008199999999999999
2018-01-08,42.0,41.7,42.25,41.35,129410.0,-0.0036
2018-01-09,41.0,42.1,42.2,40.85,111940.0,-0.023799999999999998
2018-01-10,40.65,40.7,40.95,40.3,88040.0,-0.0085
2018-01-11,40.95,40.6,41.15,40.58,146880.0,0.0074
2018-01-12,42.55,41.2,42.65,40.96,84140.0,0.0391
2018-01-16,42.0,43.15,43.3,41.92,150850.0,-0.0129
2018-01-17,42.7,42.35,42.85,41.77,62680.0,0.0167
2018-01-18,42.7,42.7,43.0,41.85,79500.0,0.0
2018-01-19,44.95,42.95,45.0,42.95,110620.0,0.0527
2018-01-22,44.05,45.2,45.4,43.4,118510.0,-0.02
2018-01-23,45.05,44.05,45.2,43.65,108890.0,0.0227
2018-01-24,43.45,45.25,45.3,43.35,101610.0,-0.0355
2018-01-25,43.45,43.8,44.1,43.0,66160.0,0.0
2018-01-26,43.65,43.85,43.85,42.9,72070.0,0.0046
2018-01-29,43.4,43.35,43.75,43.15,69600.0,-0.005699999999999999
2018-01-30,42.25,43.1,43.65,42.25,91020.0,-0.0265
2018-01-31,42.35,42.3,42.95,41.55,165400.0,0.0024
2018-02-01,42.85,42.0,43.0,41.76,97330.0,0.0118
2018-02-02,40.9,42.35,42.75,40.85,73140.0,-0.0455
2018-02-05,39.25,40.35,41.1,39.2,130060.0,-0.0403
2018-02-06,40.1,38.55,40.45,37.55,144890.0,0.0217
2018-02-07,40.1,40.15,40.45,39.12,146360.0,0.0
2018-02-08,39.05,40.35,40.7,39.05,189570.0,-0.0262
2018-02-09,39.8,39.5,40.25,38.45,144170.0,0.0192
2018-02-12,40.6,40.0,40.9,39.42,82090.0,0.020099999999999996
2018-02-13,40.45,40.35,40.95,40.2,53790.0,-0.0037
2018-02-14,40.9,40.0,41.27,40.0,68670.0,0.0111
2018-02-15,40.85,41.25,41.3,40.6,59470.0,-0.0012
2018-02-16,42.5,40.85,42.75,40.85,122330.0,0.0404
2018-02-20,42.45,42.55,42.9,42.2,84810.0,-0.0012
2018-02-21,43.2,42.9,43.88,42.9,67550.0,0.0177
2018-02-22,43.25,43.35,43.85,43.2,64500.0,0.0012
2018-02-23,44.4,43.3,44.5,43.2,97180.0,0.026600000000000002
2018-02-26,45.25,44.45,45.75,44.39,148390.0,0.0191
2018-02-27,39.9,43.0,44.47,38.25,352060.0,-0.1182
2018-02-28,40.1,40.65,41.95,39.05,224300.0,0.005
2018-03-01,39.9,40.15,40.2,38.75,144120.0,-0.005
2018-03-02,40.25,39.6,41.0,39.35,103390.0,0.0088
2018-03-05,40.25,40.0,40.5,39.52,91720.0,0.0
2018-03-06,40.95,40.2,41.12,40.01,139000.0,0.0174
2018-03-07,41.25,40.45,41.75,40.0,104510.0,0.0073
2018-03-08,40.8,41.5,41.75,40.55,71280.0,-0.0109
2018-03-09,42.0,41.15,42.15,40.7,170230.0,0.0294
2018-03-12,41.45,42.0,42.4,41.2,85920.0,-0.0131
2018-03-13,41.15,41.85,42.05,40.8,114020.0,-0.0072
2018-03-14,41.35,41.55,41.9,41.1,42780.0,0.0049
2018-03-15,41.05,41.45,41.6,40.75,52190.0,-0.0073
2018-03-16,41.15,41.1,41.4,40.45,100170.0,0.0024
2018-03-19,40.6,41.05,41.2,40.0,155760.0,-0.0134
2018-03-20,42.1,40.85,42.35,40.85,70160.0,0.0369
2018-03-21,41.55,42.0,42.4,41.5,43420.0,-0.0131
2018-03-22,40.5,41.15,41.8,40.4,59090.0,-0.0253
2018-03-23,40.4,40.1,40.95,40.1,109420.0,-0.0025
2018-03-26,40.8,40.55,41.35,40.0,229140.0,0.009899999999999999
2018-03-27,39.55,40.85,41.45,39.35,148920.0,-0.030600000000000002
2018-03-28,39.55,39.4,39.9,38.5,259260.0,0.0
2018-03-29,40.85,39.8,41.15,39.7,120600.0,0.0329
2018-04-02,39.85,40.8,40.8,39.2,95110.0,-0.0245
2018-04-03,39.9,40.1,40.2,39.45,71770.0,0.0013
2018-04-04,40.0,39.25,40.1,38.9,111540.0,0.0025
2018-04-05,40.85,40.45,41.05,40.1,120750.0,0.0212
2018-04-06,40.75,40.55,41.25,40.55,62700.0,-0.0024
2018-04-09,41.75,41.2,42.05,40.95,118010.0,0.0245
2018-04-10,42.7,42.1,43.1,41.6,150130.0,0.022799999999999997
2018-04-11,43.4,42.55,43.65,42.55,96880.0,0.016399999999999998
2018-04-12,44.3,43.65,44.45,43.5,91610.0,0.0207
2018-04-13,44.1,44.6,44.75,43.92,63530.0,-0.0045000000000000005
2018-04-16,44.6,44.35,44.9,42.92,103190.0,0.0113
2018-04-17,46.65,44.9,47.42,44.9,230240.0,0.046
2018-04-18,48.4,46.7,48.5,46.4,214430.0,0.0375
2018-04-19,50.3,48.0,50.55,47.95,174840.0,0.0393
2018-04-20,48.5,50.0,50.55,48.45,131920.0,-0.0358
2018-04-23,47.9,48.7,49.5,47.75,54740.0,-0.0124
2018-04-24,47.4,48.2,48.23,46.85,53700.0,-0.0104
2018-04-25,47.6,47.7,48.35,47.1,83400.0,0.0042
2018-04-26,47.45,47.85,48.4,47.4,82670.0,-0.0032
2018-04-27,47.75,47.7,48.0,47.45,80100.0,0.0063
2018-04-30,47.95,47.75,48.55,47.5,142060.0,0.0042
2018-05-01,49.25,50.0,50.0,45.1,235070.0,0.0271
2018-05-02,52.7,49.3,53.4,49.3,226200.0,0.0701
2018-05-03,52.45,52.7,52.95,51.5,101970.0,-0.004699999999999999
2018-05-04,54.05,52.6,54.81,52.3,150560.0,0.0305
2018-05-07,54.2,53.85,54.9,53.51,171380.0,0.0028000000000000004
2018-05-08,55.5,54.2,56.0,54.2,301990.0,0.024
2018-05-09,57.1,55.55,57.45,55.35,271010.0,0.0288
2018-05-10,56.85,57.2,57.5,56.4,283840.0,-0.0044
2018-05-11,56.85,57.05,57.65,56.65,94970.0,0.0
2018-05-14,55.95,56.95,57.3,55.9,107990.0,-0.0158
2018-05-15,57.05,55.9,57.3,55.65,112200.0,0.0197
2018-05-16,58.3,57.4,58.4,56.5,170120.0,0.0219
2018-05-17,57.6,58.1,58.4,57.25,51500.0,-0.012
2018-05-18,57.8,57.75,58.1,57.3,49850.0,0.0034999999999999996
2018-05-21,54.25,55.75,55.9,53.6,219740.0,-0.061399999999999996
2018-05-22,54.1,54.0,54.85,53.05,160840.0,-0.0028000000000000004
2018-05-23,54.8,53.7,55.35,53.7,61830.0,0.0129
2018-05-24,55.15,54.9,55.49,54.41,103060.0,0.0064
2018-05-25,56.0,55.1,56.9,55.0,91600.0,0.0154
2018-05-29,57.45,55.95,57.45,55.05,103200.0,0.0259
2018-05-30,58.15,57.75,59.4,57.75,144950.0,0.012199999999999999
2018-05-31,59.2,58.0,59.3,57.75,127800.0,0.0181
2018-06-01,60.05,59.1,60.6,58.05,156850.0,0.0144
2018-06-04,61.0,60.65,61.65,59.95,121720.0,0.0158
2018-06-05,62.75,61.0,63.5,60.98,162450.0,0.0287
2018-06-06,62.8,62.55,63.0,61.95,112600.0,0.0008
2018-06-07,59.75,62.5,63.3,58.6,145220.0,-0.048600000000000004
2018-06-08,59.85,59.75,61.35,58.55,132350.0,0.0017000000000000001
2018-06-11,61.15,59.9,61.35,59.55,108920.0,0.0217
2018-06-12,62.5,61.15,63.0,60.5,115050.0,0.022099999999999998
2018-06-13,63.35,62.5,63.45,61.95,189630.0,0.013600000000000001
2018-06-14,65.35,63.45,66.9,63.4,249510.0,0.0316
2018-06-15,65.25,64.85,65.85,64.05,202330.0,-0.0015
2018-06-18,66.5,65.05,66.65,64.45,195830.0,0.0192
2018-06-19,66.9,66.0,67.45,65.8,297980.0,0.006
2018-06-20,66.5,67.6,68.5,66.05,200270.0,-0.006
2018-06-21,64.25,66.4,67.4,64.05,162070.0,-0.0338
2018-06-22,63.15,64.1,64.4,62.3,739330.0,-0.0171
2018-06-25,62.25,62.55,62.85,60.55,217800.0,-0.0143
2018-06-26,63.05,62.55,63.45,61.7,151650.0,0.0129
2018-06-27,61.05,63.55,64.0,61.0,184220.0,-0.0317
2018-06-28,61.05,60.4,61.45,59.01,295930.0,0.0
2018-06-29,61.15,61.45,61.96,60.8,205260.0,0.0016
2018-07-02,62.25,60.75,62.4,60.6,123040.0,0.018000000000000002
2018-07-03,61.75,62.3,62.65,61.55,75170.0,-0.008
2018-07-05,62.25,61.9,62.85,61.7,104410.0,0.008100000000000001
2018-07-06,62.4,62.0,62.85,61.4,81840.0,0.0024
2018-07-09,63.1,62.8,63.35,62.35,117230.0,0.011200000000000002
2018-07-10,61.6,63.0,63.45,61.55,67200.0,-0.023799999999999998
2018-07-11,61.55,61.25,62.5,60.2,74180.0,-0.0008
2018-07-12,62.75,61.95,62.9,61.25,84670.0,0.0195
2018-07-13,63.0,62.65,63.0,62.0,81220.0,0.004
2018-07-16,62.95,62.85,63.65,62.6,61470.0,-0.0008
2018-07-17,65.45,62.95,65.45,62.8,153160.0,0.0397
2018-07-18,64.5,65.5,65.83,64.4,73340.0,-0.014499999999999999
2018-07-19,66.35,64.75,66.45,64.4,121140.0,0.0287
2018-07-20,65.75,66.25,66.65,65.45,100150.0,-0.009000000000000001
2018-07-23,66.7,65.7,67.0,64.7,67720.0,0.0144
2018-07-24,65.5,67.0,67.35,64.8,93570.0,-0.018000000000000002
2018-07-25,66.8,65.6,66.92,65.5,61460.0,0.019799999999999998
2018-07-26,67.75,66.75,68.15,65.25,103040.0,0.014199999999999999
2018-07-27,64.85,67.85,69.1,64.0,118830.0,-0.042800000000000005
2018-07-30,61.85,64.85,64.85,60.95,122670.0,-0.0463
2018-07-31,72.2,66.75,72.45,64.01,327570.0,0.1673
2018-08-01,75.95,72.45,76.45,71.35,384600.0,0.0519
2018-08-02,76.85,75.9,78.19,75.2,252310.0,0.0118
2018-08-03,74.6,76.85,76.85,74.1,174220.0,-0.029300000000000003
2018-08-06,75.4,74.5,75.5,73.85,127920.0,0.010700000000000001
2018-08-07,74.95,76.55,77.58,74.5,188890.0,-0.006
2018-08-08,74.75,75.05,75.4,73.95,152030.0,-0.0027
2018-08-09,76.2,75.05,77.7,74.1,201630.0,0.0194
2018-08-10,76.3,76.05,77.05,75.7,122660.0,0.0013
2018-08-13,77.2,76.55,77.45,76.02,75970.0,0.0118
2018-08-14,77.8,78.35,79.0,77.15,141580.0,0.0078000000000000005
2018-08-15,77.6,77.4,77.9,76.0,116770.0,-0.0026
2018-08-16,77.8,77.55,78.2,76.85,125330.0,0.0026
2018-08-17,77.15,77.4,78.8,76.45,126380.0,-0.0084
2018-08-20,76.45,77.65,77.65,75.45,239030.0,-0.0091
2018-08-21,77.5,76.65,78.25,76.16,97150.0,0.0137
2018-08-22,78.05,77.45,78.6,76.15,142930.0,0.0070999999999999995
2018-08-23,78.95,77.55,79.7,77.5,78910.0,0.0115
2018-08-24,80.9,79.2,81.95,79.2,151680.0,0.024700000000000003
2018-08-27,82.2,81.5,82.85,80.6,135290.0,0.0161
2018-08-28,81.75,82.0,82.7,81.15,135560.0,-0.0055000000000000005
2018-08-29,81.9,82.1,83.3,81.4,136720.0,0.0018
2018-08-30,84.35,82.05,84.8,82.05,125740.0,0.029900000000000003
2018-08-31,85.4,84.0,86.0,83.4,131160.0,0.0124
2018-09-04,88.25,85.7,89.2,85.5,161330.0,0.0334
2018-09-05,85.9,88.2,88.7,84.05,187960.0,-0.026600000000000002
2018-09-06,85.55,85.75,87.17,84.85,110420.0,-0.0040999999999999995
2018-09-07,85.9,85.2,87.05,84.2,119510.0,0.0040999999999999995
2018-09-10,88.9,86.35,89.22,86.15,129419.99999999999,0.0349
2018-09-11,89.1,88.0,90.45,86.53,262190.0,0.0022
2018-09-12,88.35,89.4,90.65,86.8,145920.0,-0.0084
2018-09-13,90.85,89.05,91.2,89.05,122360.0,0.028300000000000002
2018-09-14,88.85,90.65,91.49,88.4,164430.0,-0.022000000000000002
2018-09-17,85.9,89.0,89.28,85.7,169590.0,-0.0332
2018-09-18,86.7,85.9,88.65,85.9,181320.0,0.009300000000000001
2018-09-19,83.8,86.95,87.83,82.7,212050.0,-0.0334
2018-09-20,82.75,84.2,85.5,81.04,216010.0,-0.0125
2018-09-21,80.55,83.0,84.0,80.25,357090.0,-0.026600000000000002
2018-09-24,81.25,79.65,82.2,78.05,180600.0,0.0087
2018-09-25,82.35,81.7,82.95,81.7,150420.0,0.013500000000000002
2018-09-26,80.0,82.5,82.92,79.7,175730.0,-0.0285
2018-09-27,79.5,80.2,81.8,78.35,177070.0,-0.0063
2018-09-28,78.4,79.25,81.17,78.14,224520.0,-0.0138
2018-10-01,76.02,78.89,79.45,75.36,201090.0,-0.0304
2018-10-02,74.03,75.29,76.73,72.74,341740.0,-0.0262
2018-10-03,74.97,74.23,75.63,73.07,126240.0,0.0127
2018-10-04,72.45,74.72,74.72,72.09,201670.0,-0.0336
2018-10-05,71.42,72.45,73.8,70.27,230950.0,-0.014199999999999999
2018-10-08,67.93,71.07,71.6,65.17,271760.0,-0.0489
2018-10-09,67.0,67.57,69.12,65.73,179610.0,-0.0137
2018-10-10,63.38,66.94,66.94,62.76,242460.0,-0.054000000000000006
2018-10-11,62.64,62.55,67.04,62.1,302780.0,-0.011699999999999999
2018-10-12,64.93,66.05,66.05,63.54,269370.0,0.0366
2018-10-15,63.24,64.78,65.44,62.62,231540.0,-0.026000000000000002
2018-10-16,65.6,63.8,65.85,63.14,125420.0,0.0373
2018-10-17,65.5,65.2,66.54,64.62,169430.0,-0.0015
2018-10-18,63.35,65.49,65.49,62.16,186230.0,-0.032799999999999996
2018-10-19,60.07,63.98,64.36,60.02,135230.0,-0.0518
2018-10-22,61.0,60.45,61.45,59.66,516640.0,0.0155
2018-10-23,60.47,59.49,60.78,58.51,186110.0,-0.0087
2018-10-24,57.15,60.5,61.07,57.07,261720.00000000003,-0.054900000000000004
2018-10-25,59.03,57.65,59.68,57.08,148780.0,0.0329
2018-10-26,58.14,58.01,59.29,56.36,204410.0,-0.0151
2018-10-29,59.81,59.21,62.05,59.21,552150.0,0.0287
2018-10-30,54.36,56.38,56.82,51.15,754340.0,-0.0911
2018-10-31,57.1,54.8,59.63,54.69,316260.0,0.0504
2018-11-01,58.87,57.1,59.5,56.71,447470.0,0.031
2018-11-02,57.94,59.0,59.87,56.97,185850.0,-0.0158
2018-11-05,57.81,57.86,58.72,56.75,188860.0,-0.0022
2018-11-06,58.23,57.91,58.93,57.55,163820.0,0.0073
2018-11-07,60.3,59.24,61.18,58.07,174990.0,0.0355
2018-11-08,59.45,60.28,60.28,58.41,148470.0,-0.0141
2018-11-09,59.49,59.06,59.55,58.04,122160.0,0.0007000000000000001
2018-11-12,57.97,59.32,59.5,56.93,200780.0,-0.0256
2018-11-13,57.15,57.92,58.44,56.8,146650.0,-0.0141
2018-11-14,57.2,57.68,58.3,56.23,248540.0,0.0009
2018-11-15,58.27,56.89,58.51,56.68,115820.0,0.0187
2018-11-16,57.85,57.67,58.14,56.95,131530.0,-0.0072
2018-11-19,55.56,57.62,57.62,55.14,213060.0,-0.039599999999999996
2018-11-20,55.81,53.84,57.51,53.5,301270.0,0.0045000000000000005
2018-11-21,57.02,56.68,57.64,56.03,107820.0,0.0217
2018-11-23,56.87,56.66,57.64,56.66,23000.0,-0.0026
2018-11-26,58.31,57.5,58.51,57.38,85200.0,0.0253
2018-11-27,57.0,58.4,58.46,56.75,101970.0,-0.0225
2018-11-28,61.2,57.69,61.61,57.51,186800.0,0.0737
2018-11-29,61.82,60.99,62.84,60.66,109310.0,0.0101
2018-11-30,61.29,61.27,61.95,60.05,132310.0,-0.0086
2018-12-03,61.77,62.45,63.77,61.0,124980.0,0.0078000000000000005
2018-12-04,60.3,61.42,62.17,59.5,362830.0,-0.023799999999999998
2018-12-06,60.78,58.73,60.95,58.31,121510.0,0.008
2018-12-07,60.07,60.49,60.71,59.53,161900.0,-0.011699999999999999
2018-12-10,60.58,59.7,62.0,59.46,97570.0,0.0085
2018-12-11,60.68,61.58,61.58,59.83,61350.0,0.0017000000000000001
2018-12-12,61.31,61.5,62.96,61.18,109660.0,0.0104
2018-12-13,60.36,61.63,61.77,59.85,111670.0,-0.0155
2018-12-14,60.24,59.74,60.99,59.27,81770.0,-0.002
2018-12-17,56.04,60.07,60.18,55.85,196340.0,-0.0697
2018-12-18,59.07,56.56,59.18,56.3,206800.0,0.0541
2018-12-19,57.96,59.33,60.26,57.32,130320.0,-0.018799999999999997
2018-12-20,57.1,57.86,58.29,55.72,185270.0,-0.0148
2018-12-21,56.17,57.45,57.79,55.73,204740.0,-0.0163
2018-12-24,54.5,56.16,56.91,54.5,128250.0,-0.0297
2018-12-26,57.19,54.78,57.19,54.51,93520.0,0.049400000000000006
2018-12-27,57.86,56.4,57.86,55.59,101920.0,0.011699999999999999
2018-12-28,57.67,58.01,58.51,56.4,80740.0,-0.0033
2018-12-31,59.22,58.14,59.22,57.78,125910.0,0.0269
2019-01-02,59.04,57.94,59.18,56.9,161750.0,-0.003
2019-01-03,56.33,58.29,58.4,55.2,191560.0,-0.045899999999999996
2019-01-04,57.17,57.11,57.93,55.0,148950.0,0.0149
2019-01-07,59.29,57.16,59.66,57.06,85120.0,0.0371
2019-01-08,59.66,60.0,60.62,59.47,107680.0,0.0062
2019-01-09,61.63,60.15,62.04,60.08,194180.0,0.033
2019-01-10,60.59,61.2,61.55,60.18,88840.0,-0.0169
2019-01-11,61.24,60.39,61.38,59.55,67190.0,0.010700000000000001
2019-01-14,60.07,60.74,60.89,59.34,68940.0,-0.0191
2019-01-15,61.34,60.08,61.65,60.08,47280.0,0.021099999999999997
2019-01-16,60.77,61.73,62.44,60.67,58850.0,-0.009300000000000001
2019-01-17,61.45,60.51,62.0,60.24,106170.0,0.011200000000000002
2019-01-18,61.89,61.86,62.32,61.3,59110.0,0.0072
2019-01-22,61.24,61.67,61.93,60.45,97800.0,-0.0105
2019-01-23,61.9,61.71,62.8,60.84,105330.0,0.0108
2019-01-24,61.99,61.91,62.29,61.45,124990.0,0.0015
2019-01-25,63.37,62.74,64.33,62.68,57570.0,0.0223
2019-01-28,61.21,63.0,63.16,61.1,70330.0,-0.0341
2019-01-29,60.19,61.18,61.18,59.75,66350.0,-0.0167
2019-01-30,61.14,60.65,61.14,59.02,55740.0,0.0158
2019-01-31,63.31,61.18,63.54,60.66,91300.0,0.0355
2019-02-01,64.15,63.34,64.48,63.32,55810.0,0.013300000000000001
2019-02-04,64.1,64.31,64.9,64.0,105060.0,-0.0008
2019-02-05,63.69,64.27,64.73,63.29,58660.0,-0.0064
2019-02-06,63.14,63.7,63.74,62.06,50320.0,-0.0086
2019-02-07,62.37,62.79,63.3,61.6,42940.0,-0.012199999999999999
2019-02-08,63.69,61.9,63.8,61.82,124740.0,0.0212
2019-02-11,64.3,64.2,64.73,63.42,99440.0,0.0096
2019-02-12,65.0,64.61,65.0,63.8,115830.0,0.0109
2019-02-13,65.06,64.94,66.5,64.52,233210.0,0.0009
2019-02-14,65.63,64.96,66.32,64.78,128490.00000000001,0.0088
2019-02-15,67.75,65.95,67.78,65.41,113910.0,0.0323
2019-02-19,67.46,68.19,68.81,67.44,77360.0,-0.0043
2019-02-20,68.07,67.5,68.25,67.09,59950.0,0.009000000000000001
2019-02-21,68.79,68.06,69.08,67.65,93180.0,0.0106
2019-02-22,70.54,69.12,70.62,68.7,95760.0,0.0254
2019-02-25,71.03,70.98,72.27,70.67,114370.0,0.0069
2019-02-26,69.31,70.95,71.38,69.29,113040.0,-0.0242
2019-02-27,69.41,68.41,69.82,67.29,109870.0,0.0014000000000000002
2019-02-28,72.28,69.42,73.09,69.0,191350.0,0.041299999999999996
2019-03-01,65.72,68.15,69.5,63.5,376580.0,-0.0908
2019-03-04,68.66,66.39,68.77,65.43,220900.0,0.0447
2019-03-05,68.23,68.63,68.63,66.1,165430.0,-0.0063
2019-03-06,68.8,68.15,68.81,67.61,148480.0,0.0084
2019-03-07,66.3,68.26,68.53,65.74,176960.0,-0.0363
2019-03-08,68.1,65.55,68.21,65.5,154570.0,0.0271
2019-03-11,70.8,68.21,70.84,68.21,115970.0,0.039599999999999996
2019-03-12,71.51,70.55,71.83,70.17,103020.0,0.01
2019-03-13,72.94,71.43,73.6,70.8,179830.0,0.02
2019-03-14,73.96,72.51,74.1,71.95,119620.0,0.013999999999999999
2019-03-15,74.36,74.05,74.79,73.5,237250.0,0.0054
2019-03-18,73.81,74.74,75.36,73.43,107320.0,-0.0074
2019-03-19,74.34,73.95,74.75,73.2,92310.0,0.0072
2019-03-20,75.55,74.34,75.9,73.72,135210.0,0.0163
2019-03-21,77.92,75.14,78.08,75.0,117260.0,0.031400000000000004
2019-03-22,75.75,77.75,78.05,75.44,161180.0,-0.0278
2019-03-25,77.64,75.11,78.11,74.93,131910.0,0.025
2019-03-26,79.47,78.21,81.7,77.69,260790.00000000003,0.0236
2019-03-27,77.0,79.48,80.22,76.04,168660.0,-0.0311
2019-03-28,78.37,77.25,78.72,76.52,99310.0,0.0178
2019-03-29,79.4,79.15,80.0,78.23,194010.0,0.0131
2019-04-01,78.56,80.21,80.47,77.74,217880.0,-0.0106
2019-04-02,80.1,78.57,80.49,78.3,97830.0,0.0196
2019-04-03,81.46,80.48,81.99,80.0,112300.0,0.017
2019-04-04,80.32,81.47,81.82,79.0,108940.0,-0.013999999999999999
2019-04-05,81.43,80.42,81.64,80.03,88080.0,0.0138
2019-04-08,81.52,81.63,81.64,80.02,132340.0,0.0011
2019-04-09,81.11,81.19,81.8,79.95,78440.0,-0.005
2019-04-10,81.75,81.12,82.28,81.12,61930.0,0.0079
2019-04-11,82.45,81.74,82.5,80.76,64569.99999999999,0.0086
2019-04-12,82.7,82.76,82.94,81.63,67230.0,0.003
2019-04-15,85.03,82.31,85.22,82.3,98070.0,0.0282
2019-04-16,87.5,85.34,87.65,85.04,172490.0,0.028999999999999998
2019-04-17,88.02,87.83,89.4,87.0,226970.0,0.0059
2019-04-18,88.78,88.0,89.27,87.52,109950.0,0.0086
2019-04-22,92.88,88.78,94.7,88.68,226410.0,0.0462
2019-04-23,94.88,93.42,96.03,93.22,185230.0,0.0215
2019-04-24,94.55,95.06,97.07,94.07,101400.0,-0.0034999999999999996
2019-04-25,94.57,94.8,95.52,93.31,131600.0,0.0002
2019-04-26,95.8,94.96,95.94,94.32,248570.0,0.013000000000000001
2019-04-29,97.01,95.55,97.41,95.05,110330.0,0.0126
2019-04-30,97.11,97.65,98.65,96.03,116280.0,0.001
2019-05-01,96.24,97.2,97.69,95.15,152130.0,-0.009000000000000001
2019-05-02,97.04,96.0,98.16,95.45,182060.0,0.0083
2019-05-03,93.76,88.0,94.59,84.28,467230.0,-0.0338
2019-05-06,95.06,91.54,96.23,91.24,194430.0,0.0139
2019-05-07,95.36,93.98,96.3,93.01,174660.0,0.0032
2019-05-08,97.04,95.55,97.79,95.55,132300.0,0.0176
2019-05-09,96.46,95.57,96.78,95.31,205260.0,-0.006
2019-05-10,95.58,96.14,97.28,94.8,78070.0,-0.0091
2019-05-13,92.05,93.24,93.24,91.57,148020.0,-0.0369
2019-05-14,92.97,92.7,93.55,92.03,66290.0,0.01
2019-05-15,93.26,92.18,94.43,92.0,82650.0,0.0031
2019-05-16,95.63,93.29,96.6,93.01,98220.0,0.0254
2019-05-17,96.73,94.99,99.28,94.9,110450.0,0.0115
2019-05-20,95.06,96.35,97.13,94.87,82460.0,-0.0173
2019-05-21,96.25,95.78,97.86,95.75,112800.0,0.0125
2019-05-22,96.4,96.15,97.77,95.34,86410.0,0.0016
2019-05-23,96.5,95.47,96.66,94.45,124770.0,0.001
2019-05-24,95.06,96.9,97.68,93.43,126010.0,-0.0149
2019-05-28,96.81,95.35,97.67,94.25,273630.0,0.0184
2019-05-29,95.81,95.72,96.97,95.44,123150.0,-0.0103
2019-05-30,96.54,96.4,97.93,95.84,64790.00000000001,0.0076
2019-05-31,96.4,95.33,97.5,94.95,88040.0,-0.0015
2019-06-03,95.4,96.36,97.24,94.16,188680.0,-0.0104
2019-06-04,96.29,96.47,96.58,94.8,163970.0,0.009300000000000001
2019-06-05,99.12,96.21,100.93,96.21,133520.0,0.0294
2019-06-06,99.86,99.65,100.67,98.31,89480.0,0.0075
2019-06-07,101.96,100.06,102.76,100.06,106280.0,0.021
2019-06-10,103.05,102.97,104.41,102.24,102240.0,0.010700000000000001
2019-06-11,99.76,103.26,103.61,98.48,121400.0,-0.0319
2019-06-12,99.22,99.77,100.27,97.82,141380.0,-0.0054
2019-06-13,97.89,99.62,99.62,97.03,151650.0,-0.0134
2019-06-14,97.56,97.39,98.71,96.02,85010.0,-0.0034000000000000002
2019-06-17,104.19,98.03,105.86,97.56,134260.0,0.068
2019-06-18,105.54,105.13,108.0,105.13,99640.0,0.013000000000000001
2019-06-19,106.69,106.14,107.49,105.22,122140.0,0.0109
2019-06-20,107.43,108.15,109.0,106.02,129190.0,0.0069
2019-06-21,107.7,106.71,109.89,106.26,446110.0,0.0025
2019-06-24,101.8,106.94,107.4,101.1,177130.0,-0.0548
2019-06-25,100.19,102.3,102.6,99.14,115200.0,-0.0158
2019-06-26,98.11,100.84,102.56,96.35,245790.0,-0.0208
2019-06-27,100.29,98.15,100.61,98.15,78420.0,0.0222
2019-06-28,102.27,100.69,102.46,99.19,162210.0,0.0197
2019-07-01,103.23,104.34,104.34,100.86,170990.0,0.009399999999999999
2019-07-02,102.84,103.39,104.09,102.33,67300.0,-0.0038
2019-07-03,103.18,103.51,103.51,102.19,60030.0,0.0033
2019-07-05,103.08,102.85,103.5,100.65,177210.0,-0.001
2019-07-08,104.01,102.23,104.31,101.19,211750.0,0.009000000000000001
2019-07-09,105.75,103.79,105.88,103.19,299310.0,0.0167
2019-07-10,106.47,106.71,108.0,106.01,142090.0,0.0068000000000000005
2019-07-11,106.46,106.83,106.83,105.29,92210.0,-0.0001
2019-07-12,106.42,106.68,106.91,104.77,82300.0,-0.0004
2019-07-15,106.1,106.41,106.41,103.77,112430.0,-0.003
2019-07-16,105.19,105.4,107.97,104.66,181870.0,-0.0086
2019-07-17,106.98,105.54,107.67,104.74,123230.0,0.017
2019-07-18,107.61,106.5,108.0,105.24,288630.0,0.0059
2019-07-19,106.74,107.67,108.7,106.7,222570.0,-0.008100000000000001
2019-07-22,103.94,107.24,107.45,103.56,95890.0,-0.0262
2019-07-23,103.91,104.18,104.18,101.71,116520.0,-0.0003
2019-07-24,105.14,103.64,105.73,102.51,102430.0,0.0118
2019-07-25,104.25,104.8,105.0,103.44,116500.0,-0.0085
2019-07-26,105.8,104.91,106.42,104.25,144800.0,0.0149
2019-07-29,103.18,105.64,107.04,101.78,327390.0,-0.0248
2019-07-30,97.46,93.93,98.4,88.44,734020.0,-0.0554
2019-07-31,96.55,97.1,98.86,95.38,285080.0,-0.009300000000000001
2019-08-01,99.19,96.31,103.11,96.31,252080.0,0.0273
2019-08-02,98.57,99.01,100.07,97.59,154430.0,-0.0063
2019-08-05,94.8,95.2,96.27,93.02,274240.0,-0.0382
2019-08-06,94.4,95.76,98.03,93.31,220100.0,-0.0042
2019-08-07,95.67,93.33,96.48,92.7,93590.0,0.013500000000000002
2019-08-08,96.66,96.4,97.77,95.33,111860.0,0.0103
2019-08-09,94.83,96.14,96.99,94.69,129880.0,-0.0189
2019-08-12,94.03,94.08,95.17,93.01,145300.0,-0.0084
2019-08-13,96.42,93.96,96.52,93.3,101670.0,0.0254
2019-08-14,95.77,94.78,96.85,94.24,168780.0,-0.0067
2019-08-15,97.66,95.78,98.02,94.37,202560.0,0.0197
2019-08-16,98.51,98.49,100.4,97.34,126750.0,0.0087
2019-08-19,95.8,99.6,100.07,95.7,107880.0,-0.0275
2019-08-20,97.25,95.2,97.69,94.4,85870.0,0.0151
2019-08-21,99.25,98.44,100.42,97.3,106700.0,0.0206
2019-08-22,98.02,99.6,100.46,96.97,59300.0,-0.0124
2019-08-23,95.8,97.85,99.84,95.56,145220.0,-0.0226
2019-08-26,98.22,96.99,98.26,95.0,135720.0,0.0253
2019-08-27,97.86,98.76,100.1,97.33,108250.0,-0.0037
2019-08-28,99.31,97.53,100.31,96.08,126720.0,0.0148
2019-08-29,102.03,100.31,102.09,99.24,163530.0,0.0274
2019-08-30,98.77,102.93,104.5,98.31,214460.0,-0.032
2019-09-03,98.26,97.95,100.28,95.73,224970.0,-0.0052
2019-09-04,97.85,98.58,100.18,97.29,277920.0,-0.0042
2019-09-05,98.74,99.09,99.09,95.84,175390.0,0.0091
2019-09-06,97.0,98.59,99.09,96.81,97990.0,-0.0176
2019-09-09,94.96,96.95,97.01,93.5,285450.0,-0.021
2019-09-10,94.1,94.57,95.39,91.01,157880.0,-0.0091
2019-09-11,96.54,94.19,98.2,91.73,119230.0,0.0259
2019-09-12,99.69,97.35,100.5,96.18,128280.0,0.0326
2019-09-13,97.35,99.82,100.66,96.84,118730.0,-0.0235
2019-09-16,98.17,96.43,99.55,95.29,126910.0,0.0084
2019-09-17,100.05,98.14,100.32,98.14,117830.0,0.0192
2019-09-18,99.57,99.85,100.11,97.5,122110.0,-0.0048
2019-09-19,100.39,100.12,101.35,98.54,125130.0,0.008199999999999999
2019-09-20,96.8,100.26,102.69,94.0,411650.0,-0.0358
2019-09-23,92.9,96.62,97.07,92.72,113970.0,-0.0403
2019-09-24,92.45,93.78,95.28,90.73,140750.0,-0.0048
2019-09-25,94.51,92.04,94.65,91.0,128430.0,0.0223
2019-09-26,93.71,94.33,95.28,92.12,103340.0,-0.0085
2019-09-27,93.13,93.95,94.64,91.38,145200.0,-0.0062
2019-09-30,95.14,92.94,95.81,91.39,165300.0,0.0216
2019-10-01,94.66,95.0,96.35,94.06,192770.0,-0.005
2019-10-02,92.73,94.03,94.2,91.54,124330.0,-0.0204
2019-10-03,94.85,92.75,94.93,89.7,141610.0,0.0229
2019-10-04,95.94,95.2,96.58,94.77,70190.0,0.0115
2019-10-07,96.8,95.31,97.52,94.21,124280.0,0.009000000000000001
2019-10-08,93.05,96.14,96.85,92.59,77080.0,-0.0387
2019-10-09,95.55,93.91,96.19,93.6,114260.0,0.0269
2019-10-10,93.97,95.5,95.9,93.66,91480.0,-0.0165
2019-10-11,95.28,94.69,96.02,94.0,86180.0,0.0139
2019-10-14,94.35,95.22,95.39,93.21,51780.0,-0.0098
2019-10-15,93.69,93.87,94.52,93.23,133730.0,-0.006999999999999999
2019-10-16,92.0,94.68,94.68,90.49,124870.0,-0.018000000000000002
2019-10-17,91.53,92.41,93.31,90.9,118180.0,-0.0051
2019-10-18,87.02,90.95,91.8,86.91,162960.0,-0.0493
2019-10-21,88.19,86.93,88.45,86.45,132880.0,0.0134
2019-10-22,86.46,88.45,89.13,85.8,113720.0,-0.0196
2019-10-23,87.13,85.98,88.6,85.98,94390.0,0.0077
2019-10-24,90.04,87.79,90.22,86.69,93850.0,0.0334
2019-10-25,90.8,89.96,91.64,89.86,91790.0,0.0084
2019-10-28,92.13,91.11,92.2,90.06,120860.0,0.0146
2019-10-29,94.96,92.19,98.24,92.19,142330.0,0.030699999999999998
2019-10-30,99.72,95.51,99.73,94.39,107510.0,0.0501
2019-10-31,97.23,99.67,100.08,96.89,114570.0,-0.025
2019-11-01,98.82,97.31,99.26,97.23,128669.99999999999,0.016399999999999998
2019-11-04,95.88,99.82,99.82,95.71,92160.0,-0.0298
2019-11-05,95.62,95.88,96.35,93.41,88660.0,-0.0027
2019-11-06,95.55,95.57,95.8,94.37,65600.0,-0.0007000000000000001
2019-11-07,95.97,95.5,96.54,95.04,127660.0,0.0044
2019-11-08,96.35,95.91,97.34,95.83,71960.0,0.004
2019-11-11,99.54,96.14,99.81,95.16,112560.0,0.0331
2019-11-12,102.51,99.44,103.65,98.94,136260.0,0.0298
2019-11-13,102.78,101.67,103.6,101.54,75940.0,0.0026
2019-11-14,102.93,103.42,103.82,102.54,77790.0,0.0015
2019-11-15,102.04,102.25,103.0,101.0,106190.0,-0.0086
2019-11-18,102.56,101.95,103.96,101.95,41280.0,0.0051
2019-11-19,103.29,102.45,104.1,102.45,102100.0,0.0070999999999999995
2019-11-20,104.9,103.6,105.17,102.35,158830.0,0.015600000000000001
2019-11-21,106.93,105.2,107.59,104.99,132190.0,0.0194
2019-11-22,107.74,107.5,108.39,106.01,65459.99999999999,0.0076
2019-11-25,113.31,108.45,113.76,108.45,112230.0,0.051699999999999996
2019-11-26,113.98,113.8,115.9,113.62,119760.0,0.0059
2019-11-27,115.27,114.38,116.47,113.27,76190.0,0.0113
2019-11-29,112.92,113.89,114.45,112.31,67800.0,-0.0204
2019-12-02,113.47,113.11,115.35,111.71,110760.0,0.0049
2019-12-03,114.42,112.01,114.78,112.01,385170.0,0.0084
2019-12-04,114.54,116.08,116.98,114.08,151160.0,0.001
2019-12-05,113.23,114.55,115.44,112.5,116770.0,-0.011399999999999999
2019-12-06,113.95,113.97,114.06,112.91,69650.0,0.0064
2019-12-09,113.1,113.05,113.85,112.31,123430.0,-0.0075
2019-12-10,112.27,112.92,113.9,111.91,93970.0,-0.0073
2019-12-11,110.21,112.51,112.51,109.45,105160.0,-0.0183
2019-12-12,107.18,109.61,110.35,106.62,78560.0,-0.0275
2019-12-13,106.59,106.53,108.37,106.02,73140.0,-0.0055000000000000005
2019-12-16,106.19,106.72,107.62,105.27,109620.0,-0.0038
2019-12-17,107.31,106.27,107.35,105.47,123000.0,0.0105
2019-12-18,108.1,107.4,108.65,107.27,82400.0,0.0074
2019-12-19,108.76,108.23,108.83,107.93,55400.0,0.0060999999999999995
2019-12-20,109.64,109.1,109.71,108.0,187600.0,0.008100000000000001
2019-12-23,111.06,110.01,111.24,108.98,64629.99999999999,0.013000000000000001
2019-12-24,110.35,110.85,111.25,110.0,33960.0,-0.0064
2019-12-26,110.08,110.35,111.25,109.49,60710.0,-0.0024
2019-12-27,111.09,110.43,111.17,109.27,46780.0,0.0092
2019-12-30,108.64,110.72,111.14,107.48,98090.0,-0.022099999999999998
2019-12-31,109.95,108.51,110.97,107.51,141480.0,0.0121
2020-01-02,113.49,110.61,113.94,110.61,122760.0,0.0322
2020-01-03,112.27,111.82,113.71,111.82,91500.0,-0.010700000000000001
2020-01-06,112.97,111.18,113.57,110.57,56980.0,0.0062
2020-01-07,114.17,112.65,115.23,112.5,52040.0,0.0106
2020-01-08,115.3,114.41,115.75,113.47,88610.0,0.009899999999999999
2020-01-09,118.62,116.31,118.78,115.79,72600.0,0.0288
2020-01-10,120.05,119.14,120.43,118.3,67950.0,0.0121
2020-01-13,121.14,120.78,122.06,120.22,102420.0,0.0091
2020-01-14,121.01,120.6,122.61,120.14,93260.0,-0.0011
2020-01-15,121.93,120.73,123.74,120.25,115910.0,0.0076
2020-01-16,122.85,122.85,123.55,122.25,108550.0,0.0075
2020-01-17,124.1,123.58,124.7,122.85,81360.0,0.0102
2020-01-21,123.42,123.58,124.5,122.51,73880.0,-0.0055000000000000005
2020-01-22,125.34,124.38,126.25,124.38,69960.0,0.015600000000000001
2020-01-23,125.57,125.36,126.04,124.55,62790.0,0.0018
2020-01-24,124.68,126.18,127.29,123.01,56300.0,-0.0070999999999999995
2020-01-27,125.06,122.51,125.43,122.1,49430.0,0.003
2020-01-28,127.6,125.66,127.81,125.66,59060.0,0.0203
2020-01-29,128.61,128.16,129.31,127.33,60990.0,0.0079
2020-01-30,132.23,128.18,132.51,128.18,75700.0,0.0281
2020-01-31,131.44,132.43,132.93,130.66,91540.0,-0.006
2020-02-03,132.46,131.01,132.7,130.03,117910.0,0.0078000000000000005
2020-02-04,137.53,133.95,137.8,132.8,62430.0,0.0383
2020-02-05,133.52,138.52,138.71,133.37,112610.0,-0.0292
2020-02-06,137.1,134.11,138.08,134.11,54010.0,0.0268
2020-02-07,136.85,136.66,137.87,136.01,43450.0,-0.0018
2020-02-10,136.69,136.91,137.82,136.28,62240.0,-0.0012
2020-02-11,137.7,137.66,138.03,136.81,91590.0,0.0074
2020-02-12,137.4,138.05,138.65,136.67,52070.0,-0.0022
2020-02-13,137.8,137.1,139.09,137.1,67560.0,0.0029
2020-02-14,139.99,137.81,140.46,136.72,67160.0,0.0159
2020-02-18,141.01,140.0,143.11,139.5,79840.0,0.0073
2020-02-19,144.9,141.73,145.67,141.35,129910.0,0.0276
2020-02-20,143.06,144.52,148.07,139.52,86770.0,-0.0127
2020-02-21,133.8,142.82,142.82,133.44,89730.0,-0.0647
2020-02-24,128.29,126.3,129.79,122.11,238370.0,-0.0412
2020-02-25,125.04,128.74,130.25,124.3,122320.0,-0.0253
2020-02-26,123.72,125.46,127.57,123.22,69090.0,-0.0106
2020-02-27,118.44,120.91,124.19,117.62,151200.0,-0.042699999999999995
2020-02-28,122.97,114.66,123.04,114.45,212650.0,0.0382
2020-03-02,123.44,122.98,124.35,119.68,178890.0,0.0038
2020-03-03,119.99,118.0,124.2,115.69,302770.0,-0.0279
2020-03-04,120.02,121.14,122.26,117.13,206380.0,0.0003
2020-03-05,120.47,117.87,121.79,117.74,198380.0,0.0037
2020-03-06,117.34,116.87,118.37,113.67,157960.0,-0.026000000000000002
2020-03-09,106.54,110.42,114.94,105.79,257720.00000000003,-0.092
2020-03-10,107.22,109.67,109.81,101.01,133420.0,0.0064
2020-03-11,98.1,104.63,104.87,98.08,199270.0,-0.0851
2020-03-12,86.01,91.52,92.79,81.01,427740.0,-0.1232
2020-03-13,101.11,90.33,101.26,87.21,252450.0,0.17559999999999998
2020-03-16,84.99,92.55,92.55,84.07,311000.0,-0.1594
2020-03-17,109.94,85.97,115.34,84.88,304490.0,0.29359999999999997
2020-03-18,85.82,99.34,101.83,83.22,332460.0,-0.2194
2020-03-19,92.09,84.24,96.79,84.01,201530.0,0.0731
2020-03-20,87.6,93.98,97.59,86.31,244590.0,-0.048799999999999996
2020-03-23,89.85,87.0,96.69,83.5,194750.0,0.025699999999999997
2020-03-24,103.83,95.33,104.07,93.86,201270.0,0.15560000000000002
2020-03-25,101.06,106.95,115.71,100.78,163500.0,-0.026699999999999998
2020-03-26,106.0,107.45,112.2,105.59,142520.0,0.0489
2020-03-27,104.96,104.55,107.33,102.17,162220.0,-0.0098
2020-03-30,107.6,105.99,110.16,104.41,160190.0,0.0252
2020-03-31,110.95,106.96,118.15,104.77,239790.0,0.0311
2020-04-01,96.82,106.69,108.79,96.06,161280.0,-0.1274
2020-04-02,90.22,94.92,97.87,86.37,166250.0,-0.0682
2020-04-03,87.17,89.85,93.22,86.0,167890.0,-0.0338
2020-04-06,91.81,89.91,94.57,89.63,208470.0,0.053200000000000004
2020-04-07,93.47,95.11,98.6,92.01,160970.0,0.0181
2020-04-08,100.82,95.75,102.46,93.0,135800.0,0.0786
2020-04-09,98.51,103.86,106.91,96.0,226200.0,-0.0229
2020-04-13,95.32,98.02,98.02,91.36,193320.0,-0.032400000000000005
2020-04-14,100.57,99.05,103.36,98.56,105530.0,0.055099999999999996
2020-04-15,104.5,96.66,104.77,96.15,169400.0,0.0391
2020-04-16,101.23,105.62,105.89,98.93,155780.0,-0.0313
2020-04-17,106.87,103.69,107.95,102.9,117890.0,0.0557
2020-04-20,106.0,105.11,107.59,103.68,153640.0,-0.008100000000000001
2020-04-21,99.39,102.51,104.26,98.01,144970.0,-0.062400000000000004
2020-04-22,101.15,102.21,103.47,99.3,59240.0,0.0177
2020-04-23,103.53,101.0,105.0,100.74,107520.0,0.0235
2020-04-24,104.89,103.44,106.39,101.25,89000.0,0.0131
2020-04-27,103.02,107.0,107.78,102.71,136010.0,-0.0178
2020-04-28,100.82,104.83,104.83,99.06,132190.0,-0.021400000000000002
2020-04-29,109.79,104.04,110.79,102.64,301640.0,0.08900000000000001
2020-04-30,109.86,108.35,111.11,106.54,160750.0,0.0006
2020-05-01,107.8,105.85,109.62,105.85,142550.0,-0.018799999999999997
2020-05-04,105.26,105.33,107.78,103.93,146470.0,-0.0236
2020-05-05,111.5,96.85,114.23,92.52,432920.0,0.0593
2020-05-06,117.82,111.5,120.32,111.04,277910.0,0.0567
2020-05-07,124.07,118.45,125.24,118.45,173380.0,0.053
2020-05-08,125.36,125.44,127.31,124.5,127020.0,0.0104
2020-05-11,126.89,124.2,129.25,122.91,154050.0,0.012199999999999999
2020-05-12,120.47,127.07,127.07,120.21,115770.0,-0.0506
2020-05-13,118.47,120.8,122.22,115.57,137120.0,-0.0166
2020-05-14,117.74,116.59,117.94,113.68,104620.0,-0.0062
2020-05-15,124.14,119.26,124.44,118.43,100300.0,0.054400000000000004
2020-05-18,132.71,127.99,133.86,127.99,208660.0,0.069
2020-05-19,128.74,132.0,134.61,128.64,177550.0,-0.029900000000000003
2020-05-20,133.57,131.35,134.7,130.45,93950.0,0.0375
2020-05-21,136.07,132.79,137.45,132.47,109660.0,0.0187
2020-05-22,139.61,136.93,140.48,135.57,130470.0,0.026000000000000002
2020-05-26,155.8,144.74,156.67,142.76,332540.0,0.11599999999999999
2020-05-27,150.33,155.11,155.57,144.59,253360.0,-0.0351
2020-05-28,153.7,150.0,154.95,149.96,155870.0,0.022400000000000003
2020-05-29,158.51,153.94,158.76,152.09,139380.0,0.0313
2020-06-01,162.0,157.11,163.49,155.0,136080.0,0.022000000000000002
2020-06-02,167.95,162.53,168.63,161.02,133430.0,0.036699999999999997
2020-06-03,172.59,169.47,175.5,167.69,157190.0,0.0276
2020-06-04,170.49,170.86,173.85,168.07,186830.0,-0.012199999999999999
2020-06-05,173.1,173.52,180.56,172.57,194010.0,0.015300000000000001
2020-06-08,161.95,171.87,173.2,158.73,251440.0,-0.0644
2020-06-09,162.27,160.51,164.62,160.0,119770.0,0.002
2020-06-10,161.56,162.51,164.83,161.05,126940.0,-0.0044
2020-06-11,150.23,156.74,160.68,149.5,175180.0,-0.0701
2020-06-12,154.19,155.56,156.37,147.78,139750.0,0.0264
2020-06-15,157.59,150.15,158.8,149.8,128020.00000000001,0.022099999999999998
2020-06-16,158.36,160.77,160.77,156.52,97300.0,0.0049
2020-06-17,157.64,159.23,159.23,156.93,118030.0,-0.0045000000000000005
2020-06-18,157.52,157.29,158.68,156.7,138700.0,-0.0008
2020-06-19,159.38,159.49,161.63,156.24,249940.0,0.0118
2020-06-22,163.72,159.3,165.0,158.35,103190.0,0.027200000000000002
2020-06-23,162.89,166.0,168.5,162.58,159770.0,-0.0051
2020-06-24,158.79,161.01,162.51,154.87,115310.0,-0.0252
2020-06-25,161.23,158.39,161.44,154.18,133120.0,0.0154
2020-06-26,157.84,161.68,164.04,157.0,247160.0,-0.021
2020-06-29,160.34,158.34,162.74,156.41,171060.0,0.0158
2020-06-30,162.71,160.24,164.31,158.83,157530.0,0.0148
2020-07-01,167.45,163.98,169.91,162.02,144510.0,0.0291
2020-07-02,163.56,170.0,170.76,162.65,110320.0,-0.0232
2020-07-06,166.4,163.43,170.3,163.43,98100.0,0.0174
2020-07-07,161.19,166.38,168.31,160.54,88250.0,-0.0313
2020-07-08,162.71,162.54,165.52,161.34,88520.0,0.009399999999999999
2020-07-09,161.12,163.3,166.54,158.13,150180.0,-0.0098
2020-07-10,161.28,161.19,163.5,158.89,81970.0,0.001
2020-07-13,149.38,163.66,163.66,149.27,221350.0,-0.0738
2020-07-14,149.87,150.7,151.52,141.08,201540.0,0.0033
2020-07-15,148.93,151.72,151.72,146.01,154220.0,-0.0063
2020-07-16,145.84,145.27,145.84,142.77,98060.0,-0.0207
2020-07-17,148.43,146.05,149.38,145.21,54990.0,0.0178
2020-07-20,152.77,148.12,154.03,148.12,96330.0,0.0292
2020-07-21,147.22,151.3,151.3,145.11,120030.0,-0.0363
2020-07-22,147.02,147.74,149.0,146.02,65200.0,-0.0014000000000000002
2020-07-23,140.96,148.18,148.18,140.08,92890.0,-0.0412
2020-07-24,137.82,138.99,142.33,134.73,58330.0,-0.0223
2020-07-27,141.13,138.01,141.99,137.12,64910.0,0.024
2020-07-28,136.12,139.26,139.26,135.8,79130.0,-0.0355
2020-07-29,140.24,137.65,141.48,137.58,86330.0,0.030299999999999997
2020-07-30,139.03,138.2,140.62,136.93,79550.0,-0.0086
2020-07-31,139.22,140.35,140.89,135.0,88360.0,0.0014000000000000002
2020-08-03,145.43,139.5,145.58,139.5,191500.0,0.0446
2020-08-04,155.97,146.85,158.97,146.85,238120.0,0.0725
2020-08-05,162.92,155.08,162.92,154.03,145890.0,0.0446
2020-08-06,170.32,164.62,171.36,163.65,153300.0,0.0454
2020-08-07,158.98,168.33,168.33,156.7,108140.0,-0.0666
2020-08-10,158.78,158.47,161.78,155.21,146740.0,-0.0013
2020-08-11,156.51,156.46,161.77,156.05,98930.0,-0.0143
2020-08-12,160.81,158.96,163.74,157.47,97290.0,0.0275
2020-08-13,163.18,161.18,168.0,161.18,78630.0,0.0147
2020-08-14,160.96,163.19,163.86,159.75,57480.0,-0.013600000000000001
2020-08-17,165.49,162.38,166.99,161.56,63750.0,0.0281
2020-08-18,164.73,164.43,167.42,162.82,73470.0,-0.0046
2020-08-19,164.58,164.83,167.26,162.25,48420.0,-0.0009
2020-08-20,168.02,163.95,171.28,163.95,96550.0,0.0209
2020-08-21,167.15,168.43,171.93,165.57,65000.0,-0.0052
2020-08-24,168.59,168.99,170.86,166.02,57690.0,0.0086
2020-08-25,169.77,167.8,171.96,167.57,72590.0,0.006999999999999999
2020-08-26,174.73,173.82,178.13,173.82,118370.0,0.0292
2020-08-27,173.62,175.0,178.66,173.61,62510.0,-0.0064
2020-08-28,173.64,174.64,176.45,171.68,79460.0,0.0001
2020-08-31,168.03,173.64,174.89,167.21,207120.0,-0.0323
2020-09-01,171.16,167.88,174.83,167.01,151510.0,0.018600000000000002
2020-09-02,168.25,171.76,171.76,167.06,114610.0,-0.017
2020-09-03,154.87,166.37,166.37,152.18,250580.0,-0.0795
2020-09-04,151.7,154.0,154.05,143.84,354210.0,-0.020499999999999997
2020-09-08,151.0,144.0,152.35,141.37,164610.0,-0.0046
2020-09-09,151.32,153.55,155.99,150.89,161140.0,0.0021
2020-09-10,145.83,153.72,154.93,145.53,106500.0,-0.0363
2020-09-11,143.85,147.06,147.79,140.0,121530.0,-0.013600000000000001
2020-09-14,146.83,144.16,147.39,144.07,91100.0,0.0207
2020-09-15,147.62,149.51,150.46,145.88,70030.0,0.0054
2020-09-16,144.74,150.39,150.39,143.94,172020.0,-0.0195
2020-09-17,144.36,141.19,144.92,138.78,97280.0,-0.0026
2020-09-18,142.38,145.06,145.57,139.54,244890.0,-0.0137
2020-09-21,140.14,139.71,142.57,139.1,223990.0,-0.015700000000000002
2020-09-22,142.53,141.1,143.47,134.45,173170.0,0.0171
2020-09-23,140.01,142.13,145.1,139.8,131060.0,-0.0177
2020-09-24,140.3,139.35,141.44,137.38,110070.0,0.0021
2020-09-25,142.8,140.43,144.0,138.82,139760.0,0.0178
2020-09-28,144.07,145.72,146.8,141.88,153290.0,0.0089
2020-09-29,140.11,143.95,145.62,139.53,126760.0,-0.0275
2020-09-30,141.81,139.86,143.15,138.6,262510.0,0.0121
2020-10-01,149.26,143.19,149.3,141.44,171980.0,0.0525
2020-10-02,147.56,146.51,149.19,145.5,133590.0,-0.011399999999999999
2020-10-05,154.34,148.27,154.8,148.27,239580.0,0.045899999999999996
2020-10-06,157.05,154.0,160.51,154.0,115610.0,0.0176
2020-10-07,159.9,157.83,162.14,157.83,110140.0,0.0181
2020-10-08,161.84,162.07,164.63,160.76,83410.0,0.0121
2020-10-09,164.31,162.53,164.59,162.48,75420.0,0.015300000000000001
2020-10-12,166.0,165.29,169.69,164.55,167890.0,0.0103
2020-10-13,168.62,167.12,170.28,167.07,95220.0,0.0158
2020-10-14,164.26,169.72,170.0,164.21,87610.0,-0.0259
2020-10-15,163.57,159.21,163.64,159.0,152650.0,-0.0042
2020-10-16,162.58,166.43,166.43,162.58,65360.0,-0.0060999999999999995
2020-10-19,159.0,163.23,163.98,157.49,119550.0,-0.022000000000000002
2020-10-20,158.85,159.0,160.97,157.81,75490.0,-0.0009
2020-10-21,157.43,160.14,160.44,157.43,70390.0,-0.0089
2020-10-22,150.19,158.1,158.24,149.79,106570.0,-0.046
2020-10-23,153.0,150.19,153.49,146.96,89570.0,0.0187
2020-10-26,154.0,150.51,154.4,150.51,133280.0,0.006500000000000001
2020-10-27,157.51,155.18,158.19,153.7,90520.0,0.022799999999999997
2020-10-28,145.83,153.77,155.47,145.31,107080.0,-0.0742
2020-10-29,146.73,145.31,148.53,144.24,72460.0,0.0062
2020-10-30,142.87,145.2,145.2,140.0,102500.0,-0.0263
2020-11-02,142.35,143.94,145.37,139.99,120120.0,-0.0036
2020-11-03,151.88,144.5,152.26,144.28,115600.0,0.0669
2020-11-04,157.0,156.0,159.57,155.27,85720.0,0.0337
2020-11-05,162.06,159.52,163.35,158.5,55130.0,0.0322
2020-11-06,163.87,162.55,166.1,158.78,103840.0,0.011200000000000002
2020-11-09,147.3,165.25,168.9,147.17,272320.0,-0.1011
2020-11-10,152.19,147.15,152.88,137.79,374680.0,0.0332
2020-11-11,149.86,152.72,156.56,143.65,142640.0,-0.015300000000000001
2020-11-12,144.91,150.56,151.97,144.14,95640.0,-0.033
2020-11-13,144.56,146.53,148.25,141.65,94460.0,-0.0024
2020-11-16,145.04,145.64,148.67,143.5,104900.0,0.0033
2020-11-17,147.72,144.0,148.28,143.66,110120.0,0.018500000000000003
2020-11-18,142.7,147.52,149.29,142.0,124060.0,-0.034
2020-11-19,149.44,143.13,149.85,142.85,137140.0,0.0472
2020-11-20,151.08,148.72,153.26,147.52,147250.0,0.011000000000000001
2020-11-23,145.51,152.21,152.35,145.4,101450.0,-0.0369
2020-11-24,144.22,146.0,149.87,143.79,91770.0,-0.0089
2020-11-25,149.4,144.62,150.37,142.85,119420.0,0.0359
2020-11-27,155.8,152.51,156.5,152.51,115160.0,0.042800000000000005
2020-11-30,162.93,157.36,163.2,155.97,245280.0,0.0458
2020-12-01,158.23,162.88,162.98,158.14,192970.0,-0.0288
2020-12-02,158.93,156.17,159.45,155.55,86270.0,0.0044
2020-12-03,161.23,158.93,162.85,158.93,70820.0,0.014499999999999999
2020-12-04,163.78,161.27,164.06,161.27,81800.0,0.0158
2020-12-07,169.11,163.16,169.31,163.16,120250.0,0.0325
2020-12-08,168.55,169.95,169.97,165.24,103620.0,-0.0033
2020-12-09,167.61,169.41,171.98,165.9,111660.0,-0.005600000000000001
2020-12-10,172.81,166.15,172.89,165.71,140630.0,0.031
2020-12-11,168.96,170.97,172.62,166.87,120260.0,-0.0223
2020-12-14,171.28,163.2,173.67,163.12,208330.0,0.0137
2020-12-15,172.0,173.46,178.35,170.23,229700.0,0.0042
2020-12-16,171.41,173.85,174.45,170.06,140770.0,-0.0034000000000000002
2020-12-17,172.6,172.03,175.46,172.0,172920.0,0.0069
2020-12-18,172.83,174.39,176.02,172.03,391560.0,0.0013
2020-12-21,167.29,177.82,177.98,166.04,254430.0,-0.0321
2020-12-22,182.46,170.89,183.02,170.89,439860.0,0.0907
2020-12-23,182.42,183.58,186.23,180.47,121420.0,-0.0002
2020-12-24,180.61,183.16,184.33,178.43,48530.0,-0.009899999999999999
2020-12-28,184.32,184.0,184.62,179.4,103400.0,0.020499999999999997
2020-12-29,180.89,186.0,186.59,180.3,136910.0,-0.018600000000000002
2020-12-30,179.3,180.0,181.28,178.31,100090.0,-0.0088
2020-12-31,180.04,179.21,180.65,176.4,77150.0,0.0040999999999999995
2021-01-04,177.05,180.04,181.53,174.46,99060.0,-0.0166
2021-01-05,178.43,177.07,179.59,176.11,77110.0,0.0078000000000000005
2021-01-06,174.58,176.43,180.5,171.46,137640.0,-0.0216
2021-01-07,174.91,175.43,179.6,174.58,86490.0,0.0019
2021-01-08,173.23,176.28,180.12,173.08,84310.0,-0.0096
2021-01-11,160.25,168.48,169.43,159.47,235480.0,-0.07490000000000001
2021-01-12,157.52,161.5,161.92,154.18,149310.0,-0.017
2021-01-13,152.52,157.28,157.28,151.87,142050.0,-0.0317
2021-01-14,153.71,152.8,157.86,152.8,112400.0,0.0078000000000000005
2021-01-15,152.92,153.0,156.17,151.13,97100.0,-0.0051
2021-01-19,154.58,153.6,158.97,152.71,151870.0,0.0109
2021-01-20,157.79,157.74,162.03,156.62,169120.0,0.0208
2021-01-21,155.47,157.59,158.58,155.0,82260.0,-0.0147
2021-01-22,157.0,155.0,158.01,155.0,108080.0,0.0098
2021-01-25,156.1,157.39,160.5,155.56,378200.0,-0.005699999999999999
2021-01-26,155.63,153.74,156.08,150.58,461670.0,-0.003
2021-01-27,163.01,154.52,167.14,154.52,253900.0,0.047400000000000005
2021-01-28,157.3,162.5,165.87,156.12,121450.0,-0.035
2021-01-29,152.81,159.41,162.57,152.31,127860.0,-0.0285
2021-02-01,156.09,152.84,158.0,152.84,117700.0,0.0215
2021-02-02,158.9,156.81,160.2,156.0,117500.0,0.018000000000000002
2021-02-03,157.57,157.72,158.1,151.8,152630.0,-0.0084
2021-02-04,161.07,159.34,162.55,157.2,187280.0,0.0222
2021-02-05,157.76,162.61,163.24,156.2,84690.0,-0.0206
2021-02-08,167.0,157.87,167.22,157.87,178840.0,0.058600000000000006
2021-02-09,173.66,166.08,174.03,164.76,145120.0,0.039900000000000005
2021-02-10,179.18,177.68,180.05,176.6,186410.0,0.0318
2021-02-11,181.21,179.18,182.53,177.99,210670.0,0.0113
2021-02-12,181.5,182.01,185.44,180.94,117790.0,0.0016
2021-02-16,168.5,180.0,181.45,167.67,158940.0,-0.0716
2021-02-17,172.16,171.09,175.99,169.84,164940.0,0.0217
2021-02-18,170.86,170.33,171.82,166.23,95960.0,-0.0076
2021-02-19,174.15,170.27,177.08,170.27,203840.0,0.019299999999999998
2021-02-22,161.83,170.89,171.18,160.73,100240.0,-0.0707
2021-02-23,162.11,157.99,162.43,151.51,314610.0,0.0017000000000000001
2021-02-24,170.51,161.24,170.69,160.0,185040.0,0.0518
2021-02-25,166.24,170.36,172.01,165.07,186260.0,-0.025
2021-02-26,164.02,167.66,168.24,158.78,137360.0,-0.0134
2021-03-01,161.97,167.78,169.5,160.52,258649.99999999997,-0.0125
2021-03-02,134.82,153.5,153.5,134.36,917360.0,-0.16760000000000003
2021-03-03,132.05,130.51,134.0,128.82,388040.0,-0.020499999999999997
2021-03-04,132.23,130.0,135.18,127.0,337650.0,0.0014000000000000002
2021-03-05,138.68,133.05,138.86,125.0,379820.0,0.048799999999999996
2021-03-08,138.07,137.7,143.54,134.58,330080.0,-0.0044
2021-03-09,143.93,141.37,147.34,141.07,288470.0,0.0424
2021-03-10,141.46,146.93,148.95,141.09,214620.0,-0.0172
2021-03-11,143.71,142.81,146.11,141.22,164110.0,0.0159
2021-03-12,139.43,140.46,141.62,138.35,128660.0,-0.0298
2021-03-15,142.23,137.23,142.72,137.23,112860.0,0.020099999999999996
2021-03-16,141.06,143.56,145.78,138.62,118140.0,-0.008199999999999999
2021-03-17,142.4,140.76,143.57,136.61,152060.0,0.0095
2021-03-18,135.32,140.27,140.27,133.86,188980.0,-0.049699999999999994
2021-03-19,136.21,135.17,137.9,135.0,342560.0,0.0066
2021-03-22,141.29,136.6,143.23,136.6,96460.0,0.0373
2021-03-23,141.6,142.17,143.24,140.08,88470.0,0.0022
2021-03-24,137.42,142.97,142.97,137.23,115090.0,-0.029500000000000002
2021-03-25,139.45,137.13,139.94,135.09,100310.0,0.0148
2021-03-26,140.67,140.01,142.21,136.84,72420.0,0.0087
2021-03-29,137.72,140.81,141.51,135.32,70410.0,-0.021
2021-03-30,138.29,137.61,139.9,133.99,75560.0,0.0040999999999999995
2021-03-31,141.41,140.02,143.53,140.02,148660.0,0.0226
2021-04-01,143.0,142.5,146.87,141.47,159740.0,0.011200000000000002
2021-04-05,142.91,144.0,144.02,139.43,81610.0,-0.0006
2021-04-06,142.79,141.95,145.84,140.9,96780.0,-0.0008
2021-04-07,141.99,140.69,143.34,140.69,87430.0,-0.005600000000000001
2021-04-08,143.01,144.05,145.18,141.36,490630.0,0.0072
2021-04-09,142.47,142.0,144.04,138.94,144770.0,-0.0038
2021-04-12,142.5,142.55,143.18,138.47,127770.0,0.0002
2021-04-13,144.0,143.0,145.44,142.36,121310.0,0.0105
2021-04-14,144.81,144.3,148.1,142.54,134300.0,0.005600000000000001
2021-04-15,146.7,146.48,148.59,144.87,103180.0,0.0131
2021-04-16,146.26,147.43,147.43,144.25,122790.0,-0.003
2021-04-19,145.06,145.41,145.96,142.22,64319.99999999999,-0.008199999999999999
2021-04-20,146.44,145.23,148.55,144.46,120830.0,0.0095
2021-04-21,147.08,146.0,148.59,144.32,193320.0,0.0044
2021-04-22,147.71,147.71,149.76,145.5,70060.0,0.0043
2021-04-23,147.18,148.43,148.43,145.45,81650.0,-0.0036
2021-04-26,146.83,147.86,148.24,146.43,74770.0,-0.0024
2021-04-27,148.65,147.78,148.8,145.0,105300.0,0.0124
2021-04-28,149.13,148.02,149.81,146.01,61150.0,0.0032
2021-04-29,146.92,149.81,149.81,145.89,120770.0,-0.0148
2021-04-30,144.63,146.49,146.77,143.51,156890.0,-0.015600000000000001
2021-05-03,142.92,144.8,146.52,142.07,143550.0,-0.0118
2021-05-04,133.91,141.54,143.74,133.0,140300.0,-0.063
2021-05-05,130.46,134.76,135.33,128.53,115470.0,-0.0258
2021-05-06,130.82,130.64,132.09,124.58,136440.0,0.0028000000000000004
2021-05-07,130.24,134.93,134.93,129.67,138150.0,-0.0044
2021-05-10,127.36,127.06,131.94,127.06,218010.0,-0.022099999999999998
2021-05-11,124.3,119.0,129.05,110.22,451100.0,-0.024
2021-05-12,123.17,122.67,125.44,119.9,254940.0,-0.0091
2021-05-13,124.02,124.49,128.07,122.85,216830.0,0.0069
2021-05-14,127.68,124.28,129.33,124.03,101150.0,0.029500000000000002
2021-05-17,126.25,126.08,127.07,124.18,62860.0,-0.011200000000000002
2021-05-18,125.15,126.84,130.57,124.93,110600.0,-0.0087
2021-05-19,128.5,124.0,129.38,122.39,105170.0,0.0268
2021-05-20,130.16,128.23,131.15,127.02,280960.0,0.0129
2021-05-21,131.49,132.66,133.74,129.47,166780.0,0.0102
2021-05-24,133.98,132.02,134.98,132.02,65239.99999999999,0.0189
2021-05-25,136.58,134.67,138.05,134.0,150500.0,0.0194
2021-05-26,134.35,136.54,138.92,133.53,92310.0,-0.0163
2021-05-27,133.18,134.23,136.11,131.03,90480.0,-0.0087
2021-05-28,134.89,134.01,136.72,134.01,62750.0,0.0128
2021-06-01,135.11,134.6,136.27,130.59,90420.0,0.0016
2021-06-02,134.92,135.09,136.66,134.06,75790.0,-0.0014000000000000002
2021-06-03,133.65,133.99,134.68,131.99,70000.0,-0.009399999999999999
2021-06-04,134.12,134.59,137.13,133.65,54130.0,0.0034999999999999996
2021-06-07,136.24,133.36,136.43,133.36,78820.0,0.0158
2021-06-08,140.31,137.3,140.53,135.81,80350.0,0.029900000000000003
2021-06-09,138.58,140.75,142.41,138.58,75540.0,-0.0123
2021-06-10,140.42,138.62,141.37,138.62,61140.0,0.013300000000000001
2021-06-11,143.27,140.83,143.28,140.57,76980.0,0.0203
2021-06-14,141.84,142.66,145.48,141.26,125080.0,-0.01
2021-06-15,133.12,140.65,141.47,132.27,182080.0,-0.061500000000000006
2021-06-16,135.98,133.8,137.37,132.93,76740.0,0.0215
2021-06-17,141.04,135.01,141.51,135.01,176650.0,0.037200000000000004
2021-06-18,140.48,140.3,143.07,138.68,248660.0,-0.004
2021-06-21,143.75,139.96,145.02,138.51,152990.0,0.0233
2021-06-22,147.23,143.75,147.58,143.75,91490.0,0.0242
2021-06-23,147.45,146.83,148.53,146.61,90290.0,0.0015
2021-06-24,147.09,147.9,150.78,145.36,92600.0,-0.0024
2021-06-25,144.91,147.95,148.87,144.25,353330.0,-0.0148
2021-06-28,144.33,145.82,148.76,142.29,111520.0,-0.004
2021-06-29,142.96,144.86,145.0,142.74,87360.0,-0.0095
2021-06-30,141.2,142.8,143.21,140.25,70930.0,-0.0123
2021-07-01,141.02,140.61,143.61,140.16,78980.0,-0.0013
2021-07-02,139.78,142.58,143.54,139.77,80920.0,-0.0088
2021-07-06,141.04,138.75,141.99,138.52,146690.0,0.009000000000000001
2021-07-07,136.47,141.97,142.84,136.25,126080.0,-0.032400000000000005
2021-07-08,133.65,134.49,134.52,131.39,93570.0,-0.0207
2021-07-09,135.14,133.44,135.57,132.54,77380.0,0.0111
2021-07-12,133.75,135.47,135.99,133.17,98510.0,-0.0103
2021-07-13,133.39,133.0,136.87,132.83,80520.0,-0.0027
2021-07-14,135.0,134.7,135.31,132.57,104720.0,0.0121
2021-07-15,134.73,135.19,138.1,131.76,107320.0,-0.002
2021-07-16,134.76,135.96,137.2,134.11,74110.0,0.0002
2021-07-19,135.81,133.19,137.12,132.1,61100.0,0.0078000000000000005
2021-07-20,139.76,136.68,142.36,136.1,127640.0,0.0291
2021-07-21,141.93,138.96,141.93,138.58,61710.0,0.0155
2021-07-22,139.82,141.42,143.42,139.59,55590.0,-0.0149
2021-07-23,141.81,140.58,142.67,139.68,43100.0,0.014199999999999999
2021-07-26,138.38,142.45,142.45,138.24,93460.0,-0.0242
2021-07-27,134.4,138.08,139.15,133.36,91650.0,-0.0288
2021-07-28,139.45,135.43,139.81,135.32,41400.0,0.037599999999999995
2021-07-29,143.05,139.53,144.45,139.53,71370.0,0.0258
2021-07-30,141.6,141.83,145.24,141.04,71650.0,-0.0101
2021-08-02,140.85,143.01,144.71,140.67,48560.0,-0.0053
2021-08-03,138.56,140.37,144.44,137.11,62970.0,-0.0163
2021-08-04,140.45,137.99,141.75,137.89,61680.0,0.013600000000000001
2021-08-05,140.93,140.62,142.7,139.68,50300.0,0.0034000000000000002
2021-08-06,138.78,140.4,142.11,136.39,69920.0,-0.015300000000000001
2021-08-09,136.9,138.25,139.28,136.66,78270.0,-0.013500000000000002
2021-08-10,129.39,132.0,135.0,123.82,344710.0,-0.054900000000000004
2021-08-11,133.17,129.46,133.86,128.33,111120.0,0.0292
2021-08-12,134.76,134.22,135.28,128.43,98180.0,0.011899999999999999
2021-08-13,132.5,135.17,136.02,131.87,66070.0,-0.0168
2021-08-16,132.29,131.34,132.97,128.39,101450.0,-0.0016
2021-08-17,126.59,131.71,133.82,126.46,202480.0,-0.0431
2021-08-18,124.97,127.29,127.92,124.56,115170.0,-0.0128
2021-08-19,124.22,124.58,126.43,123.5,103500.0,-0.006
2021-08-20,125.19,125.15,126.77,124.6,213670.0,0.0078000000000000005
2021-08-23,126.07,125.26,127.2,123.69,234400.0,0.006999999999999999
2021-08-24,124.98,126.78,127.62,124.72,256120.0,-0.0086
2021-08-25,124.01,124.63,125.07,122.65,123520.0,-0.0078000000000000005
2021-08-26,122.03,123.9,124.5,122.03,109020.0,-0.016
2021-08-27,122.35,121.84,123.79,121.07,142610.0,0.0026
2021-08-30,120.24,122.24,123.35,119.15,139940.0,-0.0172
2021-08-31,118.1,119.94,120.04,117.33,197490.0,-0.0178
2021-09-01,122.08,118.78,122.9,118.73,226940.0,0.0337
2021-09-02,121.68,122.4,124.58,121.46,94170.0,-0.0033
2021-09-03,123.6,121.27,123.63,120.41,73120.0,0.0158
2021-09-07,121.33,123.77,123.91,121.19,76630.0,-0.0184
2021-09-08,123.33,121.42,123.37,119.25,78200.0,0.0165
2021-09-09,126.69,123.64,127.64,123.41,111630.0,0.027200000000000002
2021-09-10,122.22,126.42,127.91,122.12,70080.0,-0.0353
2021-09-13,124.44,122.0,125.59,120.46,92980.0,0.0182
2021-09-14,122.01,124.33,124.88,121.79,68930.0,-0.0195
2021-09-15,120.78,121.99,122.2,118.7,112510.0,-0.0101
2021-09-16,123.8,119.54,124.28,119.54,91750.0,0.025
2021-09-17,122.82,124.9,126.62,121.31,271240.0,-0.0079
2021-09-20,119.86,119.96,123.57,117.68,85160.0,-0.0241
2021-09-21,120.06,121.62,122.57,118.88,75550.0,0.0017000000000000001
2021-09-22,119.04,120.2,122.86,119.03,143750.0,-0.0085
2021-09-23,122.59,120.3,122.85,117.39,88800.0,0.0298
2021-09-24,124.21,121.86,125.08,121.1,82710.0,0.0132
2021-09-27,122.99,123.54,123.82,120.59,69980.0,-0.0098
2021-09-28,118.3,121.72,121.72,117.9,51830.0,-0.0381
2021-09-29,120.56,118.47,121.47,117.42,83350.0,0.0191
2021-09-30,120.4,121.4,122.51,119.98,79910.0,-0.0013
2021-10-01,125.87,120.2,125.88,118.59,117290.0,0.0454
